timestamp,N,P,K,CO2,Temperature,Moisture,pH,health_index,health_status,is_anomalous,anomaly_score
2025-12-02T13:58:46.549794,21.78,18.66,147.15,528.1,23.02,59.22,7.12,47,Fair,False,0.0
2025-12-02T13:59:48.644128,21.58,18.58,139.69,576.48,23.93,62.15,6.92,57,Fair,False,0.0
2025-12-02T14:00:50.711011,22.9,18.87,134.3,589.4,22.55,58.4,7.08,41,Poor,False,0.0
2025-12-02T14:01:52.785612,21.87,19.79,143.01,550.98,22.35,63.13,7.27,58,Fair,False,0.0
2025-12-02T14:02:54.877186,21.96,19.89,135.38,591.32,22.88,65.13,7.31,42,Poor,False,0.0
2025-12-02T14:03:56.938874,20.62,19.37,128.23,624.56,20.97,68.98,7.59,61,Good,False,0.0
2025-12-02T14:04:59.011432,20.93,18.8,136.71,628.18,19.47,73.81,7.36,37,Poor,True,0.007775510204081637
2025-12-02T14:06:01.083852,22.53,18.01,136.72,657.61,18.0,80,7.17,32,Poor,True,0.02040816326530612
2025-12-02T14:07:03.157268,22.33,18.97,143.69,695.98,16.1,80,7.16,23,Critical,True,0.02040816326530612
2025-12-02T14:08:05.204994,20.34,19.42,139.41,647.88,14.86,77.22,7.0,54,Fair,True,0.01473469387755102
2025-12-02T14:09:07.267311,20.56,18.95,134.6,625.56,14.95,78.34,6.85,45,Fair,True,0.017020408163265312
2025-12-02T14:10:09.321041,19.94,18.33,129.65,623.01,13.99,74.1,6.82,48,Fair,True,0.008367346938775498
2025-12-02T14:11:11.385046,18.03,17.67,138.99,638.91,15.02,69.27,6.65,22,Critical,False,0.0
2025-12-02T14:12:13.455697,17.38,18.06,136.09,597.76,15.72,65.48,6.84,41,Poor,False,0.0
2025-12-02T14:13:15.516276,16.76,18.83,137.04,617.45,15.74,66.52,6.55,27,Critical,False,0.0
2025-12-02T14:14:17.607217,16.27,17.95,137.93,632.03,35,66.61,6.74,43,Poor,True,0.023809523809523808
2025-12-02T14:15:19.673667,17.21,18.68,139.19,640.96,33.71,65.37,6.64,41,Poor,True,0.01766666666666667
2025-12-02T14:16:21.732065,17.5,19.19,136.57,606.36,33.48,61.56,6.68,63,Good,True,0.016571428571428556
2025-12-02T14:17:23.800458,19.01,18.45,127.97,574.12,32.31,61.23,6.56,49,Fair,True,0.011000000000000012
2025-12-02T14:18:25.856625,20.73,17.54,118.59,618.2,30.57,58.17,6.67,33,Poor,True,0.0027142857142857155
2025-12-02T14:19:27.922153,19.37,18.08,117.18,585.86,31.67,61.77,6.51,44,Poor,True,0.00795238095238096
2025-12-02T14:20:30.013856,20.99,18.05,126.04,590.11,33.2,57.29,6.56,27,Critical,True,0.01523809523809525
2025-12-02T14:21:32.105214,22.39,18.8,117.93,558.76,32.82,58.02,6.48,56,Fair,True,0.01342857142857143
2025-12-02T14:22:34.169128,21.22,18.9,121.55,545.53,32.58,57.5,6.63,40,Poor,True,0.012285714285714277
2025-12-02T14:23:36.248844,21.97,18.95,114.0,568.47,31.97,56.67,6.91,53,Fair,True,0.009380952380952375
2025-12-02T14:24:38.352638,11.45,18.62,108.83,546.45,33.43,60.5,6.75,65,Good,True,0.01633333333333333
2025-12-02T14:37:04.658163,23.5,18.84,156.89,512.5,23.94,52.76,6.9,65,Good,False,0.0,[]
2025-12-02T14:37:04.672691,23.5,18.84,156.89,512.5,23.94,52.76,6.9,65,Good,False,0.0
2025-12-02T14:37:05.069904,22.99,17.76,146.34,538.2,23.54,53.15,7.26,51,Fair,False,0.0,[]
2025-12-02T14:37:05.078505,22.99,17.76,146.34,538.2,23.54,53.15,7.26,51,Fair,False,0.0
2025-12-02T14:37:43.562566,21.46,18.84,149.21,526.73,20.08,31.66,7.29,66,Good,False,0.0,"[""Moisture""]"
2025-12-02T14:37:43.582707,21.46,18.84,149.21,526.73,20.08,31.66,7.29,66,Good,False,0.0
2025-12-02T14:37:54.529092,21.57,17.0,146.24,503.94,21.0,56.55,7.4,54,Fair,False,0.0,[]
2025-12-02T14:37:54.561956,21.57,17.0,146.24,503.94,21.0,56.55,7.4,54,Fair,False,0.0
2025-12-02T14:38:03.222310,20.51,17.7,149.94,458.32,23.88,50.02,7.0,72,Good,False,0.0,[]
2025-12-02T14:38:03.234013,20.51,17.7,149.94,458.32,23.88,50.02,7.0,72,Good,False,0.0
2025-12-02T14:38:06.726181,-1.37,17.89,156.33,554.68,25.28,54.29,6.94,72,Good,True,0.14285714285714285,"[""Temperature""]"
2025-12-02T14:38:06.844978,-1.37,17.89,156.33,554.68,25.28,54.29,6.94,72,Good,True,0.14285714285714285
2025-12-02T14:38:15.158080,23.95,17.91,154.62,532.48,35,57.7,7.32,42,Poor,True,0.023809523809523808,"[""Temperature""]"
2025-12-02T14:38:15.183319,23.95,17.91,154.62,532.48,35,57.7,7.32,42,Poor,True,0.023809523809523808
2025-12-02T14:38:32.040231,21.79,18.19,148.89,522.1,23.69,51.28,7.29,58,Fair,False,0.0,[]
2025-12-02T14:38:32.061964,21.79,18.19,148.89,522.1,23.69,51.28,7.29,58,Fair,False,0.0
2025-12-02T14:38:47.973622,21.55,17.05,148.21,456.17,21.44,56.31,7.43,43,Poor,False,0.0,[]
2025-12-02T14:38:47.992994,21.55,17.05,148.21,456.17,21.44,56.31,7.43,43,Poor,False,0.0
2025-12-02T14:39:08.872916,-0.01,18.69,159.65,516.9,24.22,55.25,7.03,60,Good,True,0.14285714285714285,[]
2025-12-02T14:39:08.896714,-0.01,18.69,159.65,516.9,24.22,55.25,7.03,60,Good,True,0.14285714285714285
2025-12-02T14:39:50.032467,14.22,17.0,147.88,409.36,19.82,56.28,7.37,42,Poor,False,0.0,[]
2025-12-02T14:39:50.056214,14.22,17.0,147.88,409.36,19.82,56.28,7.37,42,Poor,False,0.0
2025-12-02T14:40:10.946575,1.08,18.27,165.22,551.77,24.64,52.92,7.22,46,Fair,True,0.12742857142857142,[]
2025-12-02T14:40:10.975366,1.08,18.27,165.22,551.77,24.64,52.92,7.22,46,Fair,True,0.12742857142857142
2025-12-02T14:40:52.105860,16.04,17.06,138.16,427.52,19.21,52.03,7.61,74,Good,False,0.0,"[""pH""]"
2025-12-02T14:40:52.121858,16.04,17.06,138.16,427.52,19.21,52.03,7.61,74,Good,False,0.0
2025-12-02T14:41:13.042659,-0.75,18.83,137.42,570.17,25.44,50.93,6.93,77,Excellent,True,0.14285714285714285,"[""Temperature""]"
2025-12-02T14:41:13.056794,-0.75,18.83,137.42,570.17,25.44,50.93,6.93,77,Excellent,True,0.14285714285714285
2025-12-02T14:41:54.161981,17.61,17.86,129.36,384.79,18.05,50.94,7.91,70,Good,False,0.0,"[""CO2"", ""pH""]"
2025-12-02T14:41:54.170706,17.61,17.86,129.36,384.79,18.05,50.94,7.91,70,Good,False,0.0
2025-12-02T14:42:15.112076,0.85,19.37,148.5,596.57,26.15,53.17,7.12,62,Good,True,0.13071428571428573,"[""Temperature""]"
2025-12-02T14:42:15.134714,0.85,19.37,148.5,596.57,26.15,53.17,7.12,62,Good,True,0.13071428571428573
2025-12-02T14:42:56.209746,19.46,16.91,137.99,388.56,19.68,52.38,7.77,79,Excellent,False,0.0,"[""CO2"", ""pH""]"
2025-12-02T14:42:56.240071,19.46,16.91,137.99,388.56,19.68,52.38,7.77,79,Excellent,False,0.0
2025-12-02T14:43:17.201636,-0.77,18.47,144.4,604.11,24.58,55.15,6.92,55,Fair,True,0.14285714285714285,"[""CO2""]"
2025-12-02T14:43:17.225157,-0.77,18.47,144.4,604.11,24.58,55.15,6.92,55,Fair,True,0.14285714285714285
2025-12-02T14:43:58.296957,18.27,16.33,128.53,392.79,19.15,51.89,7.87,82,Excellent,False,0.0,"[""CO2"", ""pH""]"
2025-12-02T14:43:58.325389,18.27,16.33,128.53,392.79,19.15,51.89,7.87,82,Excellent,False,0.0
2025-12-02T14:44:19.281170,0.14,17.55,117.91,643.01,25.53,70.25,7.01,63,Good,True,0.14085714285714285,"[""CO2"", ""Temperature"", ""Moisture""]"
2025-12-02T14:44:19.313178,0.14,17.55,117.91,643.01,25.53,70.25,7.01,63,Good,True,0.14085714285714285
2025-12-02T14:45:00.376814,17.01,16.92,120.53,442.12,20.33,54.14,7.67,74,Good,False,0.0,"[""pH""]"
2025-12-02T14:45:00.395789,17.01,16.92,120.53,442.12,20.33,54.14,7.67,74,Good,False,0.0
2025-12-02T14:45:21.352601,-0.53,17.95,113.8,627.49,24.64,68.53,7.29,28,Critical,True,0.14285714285714285,"[""CO2"", ""Moisture""]"
2025-12-02T14:45:21.372998,-0.53,17.95,113.8,627.49,24.64,68.53,7.29,28,Critical,True,0.14285714285714285
2025-12-02T14:46:02.458408,18.68,16.67,119.72,434.08,19.93,53.09,7.84,76,Excellent,False,0.0,"[""pH""]"
2025-12-02T14:46:02.475798,18.68,16.67,119.72,434.08,19.93,53.09,7.84,76,Excellent,False,0.0
2025-12-02T14:46:23.432121,-0.27,18.82,108.63,642.28,26.38,72.47,7.12,53,Fair,True,0.14285714285714285,"[""CO2"", ""Temperature"", ""Moisture""]"
2025-12-02T14:46:23.456231,-0.27,18.82,108.63,642.28,26.38,72.47,7.12,53,Fair,True,0.14285714285714285
2025-12-02T14:47:04.531368,18.6,-12.7,118.33,468.99,19.46,53.67,7.97,80,Excellent,True,0.14285714285714285,"[""pH""]"
2025-12-02T14:47:04.550390,18.6,-12.7,118.33,468.99,19.46,53.67,7.97,80,Excellent,True,0.14285714285714285
2025-12-02T14:47:25.508901,-0.13,19.7,115.22,638.13,26.64,74.99,7.26,42,Poor,True,0.14285714285714285,"[""CO2"", ""Temperature"", ""Moisture""]"
2025-12-02T14:47:25.532234,-0.13,19.7,115.22,638.13,26.64,74.99,7.26,42,Poor,True,0.14285714285714285
2025-12-02T14:47:43.264824,22.4,18.67,141.7,502.01,23.89,58.63,7.23,44,Poor,False,0.0,[]
2025-12-02T14:47:43.303644,22.4,18.67,141.7,502.01,23.89,58.63,7.23,44,Poor,False,0.0
2025-12-02T14:47:59.076991,22.72,18.11,144.32,533.23,20.74,52.85,7.48,55,Fair,False,0.0,[]
2025-12-02T14:47:59.126467,22.72,18.11,144.32,533.23,20.74,52.85,7.48,55,Fair,False,0.0
2025-12-02T14:48:13.981711,22.43,17.18,150.77,460.92,20.41,59.29,7.4,42,Poor,False,0.0,[]
2025-12-02T14:48:14.011745,22.43,17.18,150.77,460.92,20.41,59.29,7.4,42,Poor,False,0.0
2025-12-02T15:00:12.386000,21.52,20.83,147.64,491.7,22.47,59.09,7.5,34,Poor,False,0.0,[]
2025-12-02T15:00:12.410467,21.52,20.83,147.64,491.7,22.47,59.09,7.5,34,Poor,False,0.0
2025-12-02T15:00:12.818846,21.01,18.07,147.41,496.04,21.44,54.11,7.0,81,Excellent,False,0.0,[]
2025-12-02T15:00:12.849503,21.01,18.07,147.41,496.04,21.44,54.11,7.0,81,Excellent,False,0.0
2025-12-02T15:01:14.466542,21.76,20.05,154.06,499.04,21.97,34.7,7.32,65,Good,False,0.0,"[""Moisture""]"
2025-12-02T15:01:14.490196,21.76,20.05,154.06,499.04,21.97,34.7,7.32,65,Good,False,0.0
2025-12-02T15:01:14.892984,19.39,17.8,148.88,467.87,19.79,57.19,6.72,57,Fair,False,0.0,[]
2025-12-02T15:01:14.911319,19.39,17.8,148.88,467.87,19.79,57.19,6.72,57,Fair,False,0.0
2025-12-02T15:02:16.541400,22.76,20.17,160.17,545.86,21.36,33.21,7.13,67,Good,False,0.0,"[""Moisture""]"
2025-12-02T15:02:16.567136,22.76,20.17,160.17,545.86,21.36,33.21,7.13,67,Good,False,0.0
2025-12-02T15:02:16.977412,18.69,16.89,157.82,511.54,18.73,60.23,6.44,90,Excellent,False,0.0,"[""Moisture"", ""pH""]"
2025-12-02T15:02:17.003871,18.69,16.89,157.82,511.54,18.73,60.23,6.44,90,Excellent,False,0.0
2025-12-02T15:03:18.624687,23.79,19.86,152.39,535.98,7.95,20,7.36,37,Poor,True,0.047619047619047616,"[""Temperature"", ""Moisture""]"
2025-12-02T15:03:18.663615,23.79,19.86,152.39,535.98,7.95,20,7.36,37,Poor,True,0.047619047619047616
2025-12-02T15:03:19.041594,18.3,16.01,165.52,527.89,20.01,61.28,6.4,92,Excellent,False,0.0,"[""Moisture"", ""pH""]"
2025-12-02T15:03:19.069304,18.3,16.01,165.52,527.89,20.01,61.28,6.4,92,Excellent,False,0.0
2025-12-02T15:04:20.692844,25.54,20.01,157.9,557.5,6.64,20,7.46,25,Critical,True,0.048,"[""Temperature"", ""Moisture""]"
2025-12-02T15:04:20.720643,25.54,20.01,157.9,557.5,6.64,20,7.46,25,Critical,True,0.048
2025-12-02T15:04:21.125013,19.64,16.85,170.52,507.24,19.15,60.73,6.65,74,Good,False,0.0,"[""Moisture""]"
2025-12-02T15:04:21.148501,19.64,16.85,170.52,507.24,19.15,60.73,6.65,74,Good,False,0.0
2025-12-02T15:05:22.772930,24.03,20.74,153.13,567.78,6.87,20.24,7.64,48,Fair,True,0.04647619047619048,"[""Temperature"", ""Moisture"", ""pH""]"
2025-12-02T15:05:22.797895,24.03,20.74,153.13,567.78,6.87,20.24,7.64,48,Fair,True,0.04647619047619048
2025-12-02T15:05:23.175434,21.5,16.39,178.29,497.29,20.61,57.54,6.62,55,Fair,False,0.0,[]
2025-12-02T15:05:23.199869,21.5,16.39,178.29,497.29,20.61,57.54,6.62,55,Fair,False,0.0
2025-12-02T15:06:24.847883,22.41,20.91,162.93,561.5,6.68,20,7.39,28,Critical,True,0.047619047619047616,"[""Temperature"", ""Moisture""]"
2025-12-02T15:06:24.876806,22.41,20.91,162.93,561.5,6.68,20,7.39,28,Critical,True,0.047619047619047616
2025-12-02T15:06:25.253376,20.81,16.5,187.93,490.02,20.73,51.28,6.76,77,Excellent,False,0.0,[]
2025-12-02T15:06:25.278899,20.81,16.5,187.93,490.02,20.73,51.28,6.76,77,Excellent,False,0.0
2025-12-02T15:07:26.948342,21.33,21.81,163.53,605.95,7.66,23.24,7.41,39,Poor,True,0.033428571428571426,"[""CO2"", ""Temperature"", ""Moisture""]"
2025-12-02T15:07:26.980527,21.33,21.81,163.53,605.95,7.66,23.24,7.41,39,Poor,True,0.033428571428571426
2025-12-02T15:07:27.319226,19.27,16.52,164.18,496.18,19.3,52.59,6.87,81,Excellent,False,0.0,[]
2025-12-02T15:07:27.344367,19.27,16.52,164.18,496.18,19.3,52.59,6.87,81,Excellent,False,0.0
2025-12-02T15:08:29.042762,22.2,20.99,168.69,565.66,8.33,20.49,7.34,32,Poor,True,0.0452857142857143,"[""Temperature"", ""Moisture""]"
2025-12-02T15:08:29.068846,22.2,20.99,168.69,565.66,8.33,20.49,7.34,32,Poor,True,0.0452857142857143
2025-12-02T15:08:29.381311,20.81,17.29,171.91,456.64,20.41,51.72,6.98,82,Excellent,False,0.0,[]
2025-12-02T15:08:29.405165,20.81,17.29,171.91,456.64,20.41,51.72,6.98,82,Excellent,False,0.0
2025-12-02T15:09:31.116712,23.91,21.61,166.51,540.58,8.24,22.58,7.18,49,Fair,True,0.03533333333333334,"[""Temperature"", ""Moisture""]"
2025-12-02T15:09:31.135050,23.91,21.61,166.51,540.58,8.24,22.58,7.18,49,Fair,True,0.03533333333333334
2025-12-02T15:09:31.457958,20.1,11.63,179.79,441.1,18.42,51.75,6.82,65,Good,False,0.0,[]
2025-12-02T15:09:31.495786,20.1,11.63,179.79,441.1,18.42,51.75,6.82,65,Good,False,0.0
2025-12-02T15:10:33.206393,23.24,20.72,169.04,575.18,7.93,21.24,7.1,44,Poor,True,0.04171428571428572,"[""Temperature"", ""Moisture""]"
2025-12-02T15:10:33.229154,23.24,20.72,169.04,575.18,7.93,21.24,7.1,44,Poor,True,0.04171428571428572
2025-12-02T15:10:33.530609,19.75,11.39,174.35,488.67,18.67,50.25,6.56,66,Good,False,0.0,[]
2025-12-02T15:10:33.547927,19.75,11.39,174.35,488.67,18.67,50.25,6.56,66,Good,False,0.0
2025-12-02T15:11:35.266963,24.13,21.45,174.98,623.19,6.75,22.1,7.32,26,Critical,True,0.04642857142857143,"[""CO2"", ""Temperature"", ""Moisture""]"
2025-12-02T15:11:35.293088,24.13,21.45,174.98,623.19,6.75,22.1,7.32,26,Critical,True,0.04642857142857143
2025-12-02T15:11:35.582627,19.1,11.44,168.23,473.91,17.77,49.21,6.68,64,Good,False,0.0,[]
2025-12-02T15:11:35.609780,19.1,11.44,168.23,473.91,17.77,49.21,6.68,64,Good,False,0.0
2025-12-02T15:12:37.362703,22.26,21.42,180.53,671.66,6.07,22.96,4.0,41,Poor,True,0.05614285714285714,"[""CO2"", ""Temperature"", ""Moisture"", ""pH""]"
2025-12-02T15:12:37.390624,22.26,21.42,180.53,671.66,6.07,22.96,4.0,41,Poor,True,0.05614285714285714
2025-12-02T15:12:37.685200,19.69,11.16,169.56,459.46,19.29,52.12,6.75,68,Good,False,0.0,[]
2025-12-02T15:12:37.706660,19.69,11.16,169.56,459.46,19.29,52.12,6.75,68,Good,False,0.0
2025-12-02T15:13:39.449156,23.63,20.98,182.21,622.05,5,26.98,4.0,45,Fair,True,0.07142857142857142,"[""CO2"", ""Temperature"", ""Moisture"", ""pH""]"
2025-12-02T15:13:39.477071,23.63,20.98,182.21,622.05,5,26.98,4.0,45,Fair,True,0.07142857142857142
2025-12-02T15:13:39.795170,17.91,11.33,173.29,487.18,18.27,51.74,6.91,79,Excellent,False,0.0,[]
2025-12-02T15:13:39.820594,17.91,11.33,173.29,487.18,18.27,51.74,6.91,79,Excellent,False,0.0
2025-12-02T15:14:41.509989,23.93,41.61,177.47,632.34,5.36,26.98,4.0,45,Fair,True,0.06628571428571428,"[""CO2"", ""Temperature"", ""Moisture"", ""pH""]"
2025-12-02T15:14:41.526861,23.93,41.61,177.47,632.34,5.36,26.98,4.0,45,Fair,True,0.06628571428571428
2025-12-02T15:14:41.886925,16.14,10.81,180.63,460.0,20.0,54.06,6.62,59,Fair,False,0.0,[]
2025-12-02T15:14:41.904368,16.14,10.81,180.63,460.0,20.0,54.06,6.62,59,Fair,False,0.0
2025-12-02T16:27:16.162785,22.22,17.66,146.51,522.74,23.36,56.59,4.0,57,Fair,True,0.028571428571428574,"[""pH""]"
2025-12-02T16:27:16.185987,22.22,17.66,146.51,522.74,23.36,56.59,4.0,57,Fair,True,0.028571428571428574
2025-12-02T16:27:16.603562,20.05,18.18,155.35,542.74,20.39,59.7,9.0,60,Good,True,0.017857142857142856,"[""pH""]"
2025-12-02T16:27:16.626277,20.05,18.18,155.35,542.74,20.39,59.7,9.0,60,Good,True,0.017857142857142856
2025-12-02T16:28:18.220425,22.32,16.74,144.01,547.75,24.5,56.2,4.0,47,Fair,True,0.028571428571428574,"[""pH""]"
2025-12-02T16:28:18.245955,22.32,16.74,144.01,547.75,24.5,56.2,4.0,47,Fair,True,0.028571428571428574
2025-12-02T16:28:18.665952,21.07,17.95,153.74,579.26,20.83,61.61,8.71,75,Excellent,True,0.012678571428571444,"[""Moisture"", ""pH""]"
2025-12-02T16:28:18.698929,21.07,17.95,153.74,579.26,20.83,61.61,8.71,75,Excellent,True,0.012678571428571444
2025-12-02T16:29:20.285317,21.43,16.69,136.86,556.78,5,56.98,4.16,53,Fair,True,0.07142857142857142,"[""Temperature"", ""pH""]"
2025-12-02T16:29:20.309559,21.43,16.69,136.86,556.78,5,56.98,4.16,53,Fair,True,0.07142857142857142
2025-12-02T16:29:20.753003,20.41,18.67,160.46,583.4,19.02,61.36,8.58,73,Good,True,0.010357142857142858,"[""Moisture"", ""pH""]"
2025-12-02T16:29:20.778632,20.41,18.67,160.46,583.4,19.02,61.36,8.58,73,Good,True,0.010357142857142858
2025-12-02T16:30:22.363761,23.28,16.99,131.58,572.63,5,59.18,4.01,43,Poor,True,0.07142857142857142,"[""Temperature"", ""pH""]"
2025-12-02T16:30:22.385810,23.28,16.99,131.58,572.63,5,59.18,4.01,43,Poor,True,0.07142857142857142
2025-12-02T16:30:22.829617,21.55,18.21,162.64,600.39,19.61,75.19,8.6,75,Excellent,True,0.010714285714285707,"[""CO2"", ""Moisture"", ""pH""]"
2025-12-02T16:30:22.854403,21.55,18.21,162.64,600.39,19.61,75.19,8.6,75,Excellent,True,0.010714285714285707
2025-12-02T16:31:24.438736,23.31,17.71,126.15,615.28,5,57.87,4.0,46,Fair,True,0.07142857142857142,"[""CO2"", ""Temperature"", ""pH""]"
2025-12-02T16:31:24.478059,23.31,17.71,126.15,615.28,5,57.87,4.0,46,Fair,True,0.07142857142857142
2025-12-02T16:31:24.879611,23.47,17.39,159.96,594.89,5,76.23,8.67,43,Poor,True,0.07142857142857142,"[""Temperature"", ""Moisture"", ""pH""]"
2025-12-02T16:31:24.910304,23.47,17.39,159.96,594.89,5,76.23,8.67,43,Poor,True,0.07142857142857142
2025-12-02T16:32:26.545844,23.72,17.93,122.92,637.29,5.32,53.85,4.04,52,Fair,True,0.06685714285714285,"[""CO2"", ""Temperature"", ""pH""]"
2025-12-02T16:32:26.580726,23.72,17.93,122.92,637.29,5.32,53.85,4.04,52,Fair,True,0.06685714285714285
2025-12-02T16:32:26.952834,23.52,17.0,155.29,622.9,6.7,72.6,8.9,49,Fair,True,0.04714285714285714,"[""CO2"", ""Temperature"", ""Moisture"", ""pH""]"
2025-12-02T16:32:26.971674,23.52,17.0,155.29,622.9,6.7,72.6,8.9,49,Fair,True,0.04714285714285714
2025-12-02T16:33:28.638052,24.58,18.75,118.63,673.1,7.05,52.53,4.04,58,Fair,True,0.04214285714285715,"[""CO2"", ""Temperature"", ""pH""]"
2025-12-02T16:33:28.708146,24.58,18.75,118.63,673.1,7.05,52.53,4.04,58,Fair,True,0.04214285714285715
2025-12-02T16:33:29.022462,31.45,16.88,148.3,641.39,5.34,55.08,8.61,51,Fair,True,0.06657142857142857,"[""CO2"", ""Temperature"", ""pH""]"
2025-12-02T16:33:29.060174,31.45,16.88,148.3,641.39,5.34,55.08,8.61,51,Fair,True,0.06657142857142857
2025-12-02T16:34:30.744387,22.86,-5.49,114.45,698.35,6.35,51.91,4.0,59,Fair,True,0.14285714285714285,"[""CO2"", ""Temperature"", ""pH""]"
2025-12-02T16:34:30.764302,22.86,-5.49,114.45,698.35,6.35,51.91,4.0,59,Fair,True,0.14285714285714285
2025-12-02T16:34:31.118852,30.62,15.9,143.1,594.34,5.8,50.81,8.47,64,Good,True,0.060000000000000005,"[""Temperature"", ""pH""]"
2025-12-02T16:34:31.160859,30.62,15.9,143.1,594.34,5.8,50.81,8.47,64,Good,True,0.060000000000000005
2025-12-02T16:35:32.830267,22.29,-6.19,107.11,668.94,29.6,51.52,9.0,66,Good,True,0.14285714285714285,"[""CO2"", ""Temperature"", ""pH""]"
2025-12-02T16:35:32.869084,22.29,-6.19,107.11,668.94,29.6,51.52,9.0,66,Good,True,0.14285714285714285
2025-12-02T16:35:33.191721,32.55,16.49,151.94,616.82,5,48.75,8.48,64,Good,True,0.07142857142857142,"[""CO2"", ""Temperature"", ""pH""]"
2025-12-02T16:35:33.227696,32.55,16.49,151.94,616.82,5,48.75,8.48,64,Good,True,0.07142857142857142
2025-12-02T16:36:34.924935,21.96,-6.04,109.04,665.03,30.88,55.25,9.0,55,Fair,True,0.14285714285714285,"[""CO2"", ""Temperature"", ""pH""]"
2025-12-02T16:36:34.949976,21.96,-6.04,109.04,665.03,30.88,55.25,9.0,55,Fair,True,0.14285714285714285
2025-12-02T16:36:35.309882,25.51,16.58,151.82,657.66,5,52.65,8.37,57,Fair,True,0.07142857142857142,"[""CO2"", ""Temperature"", ""pH""]"
2025-12-02T16:36:35.344133,25.51,16.58,151.82,657.66,5,52.65,8.37,57,Fair,True,0.07142857142857142
2025-12-02T16:37:37.001611,23.95,-5.76,101.51,656.56,30.33,52.65,8.77,63,Good,True,0.14285714285714285,"[""CO2"", ""Temperature"", ""pH""]"
2025-12-02T16:37:37.037776,23.95,-5.76,101.51,656.56,30.33,52.65,8.77,63,Good,True,0.14285714285714285
2025-12-02T16:37:37.371256,24.61,17.22,147.56,672.14,5.35,54.87,8.19,52,Fair,True,0.06642857142857143,"[""CO2"", ""Temperature"", ""pH""]"
2025-12-02T16:37:37.401032,24.61,17.22,147.56,672.14,5.35,54.87,8.19,52,Fair,True,0.06642857142857143
2025-12-02T16:38:39.080185,24.29,-5.61,101.37,665.23,30.15,56.11,8.83,53,Fair,True,0.14285714285714285,"[""CO2"", ""Temperature"", ""pH""]"
2025-12-02T16:38:39.109525,24.29,-5.61,101.37,665.23,30.15,56.11,8.83,53,Fair,True,0.14285714285714285
2025-12-02T16:38:39.446411,23.23,17.06,148.37,717.29,5,56.58,8.35,47,Fair,True,0.07142857142857142,"[""CO2"", ""Temperature"", ""pH""]"
2025-12-02T16:38:39.464756,23.23,17.06,148.37,717.29,5,56.58,8.35,47,Fair,True,0.07142857142857142
2025-12-02T16:39:41.129780,23.21,-6.3,92.93,659.88,30.81,51.62,9.0,64,Good,True,0.14285714285714285,"[""CO2"", ""Temperature"", ""pH""]"
2025-12-02T16:39:41.152637,23.21,-6.3,92.93,659.88,30.81,51.62,9.0,64,Good,True,0.14285714285714285
2025-12-02T16:39:41.494145,24.8,16.39,144.77,718.73,5.25,58.26,8.07,43,Poor,True,0.06785714285714285,"[""CO2"", ""Temperature"", ""pH""]"
2025-12-02T16:39:41.522356,24.8,16.39,144.77,718.73,5.25,58.26,8.07,43,Poor,True,0.06785714285714285
2025-12-02T16:40:43.191576,22.35,2.8,102.55,672.05,35,56.27,9.0,47,Fair,True,0.06285714285714286,"[""CO2"", ""Temperature"", ""pH""]"
2025-12-02T16:40:43.216509,22.35,2.8,102.55,672.05,35,56.27,9.0,47,Fair,True,0.06285714285714286
2025-12-02T16:40:43.561963,23.68,17.14,136.77,699.03,5.78,59.82,7.89,40,Poor,True,0.06028571428571428,"[""CO2"", ""Temperature"", ""pH""]"
2025-12-02T16:40:43.585556,23.68,17.14,136.77,699.03,5.78,59.82,7.89,40,Poor,True,0.06028571428571428
2025-12-02T17:04:46.434555,23.94,2.67,158.9,505.27,23.45,75.45,7.29,45,Fair,True,0.06657142857142857
2025-12-02T17:04:47.648402,23.91,17.22,146.45,518.43,21.39,58.97,7.16,56,Fair,False,0.0
2025-12-02T17:05:48.537074,24.98,1.7,151.62,549.14,25.09,80,7.56,62,Good,True,0.09428571428571428
2025-12-02T17:05:49.756229,23.55,17.19,156.42,525.39,19.64,59.52,6.96,64,Good,False,0.0
2025-12-02T17:06:50.630083,26.84,1.29,148.77,536.64,25.6,75.09,7.54,70,Good,True,0.106
2025-12-02T17:06:51.843809,24.03,17.62,150.86,490.68,19.82,58.34,6.93,70,Good,False,0.0
2025-12-02T17:07:52.697566,26.28,1.15,145.54,525.53,25.97,74.57,7.43,50,Fair,True,0.11
2025-12-02T17:07:53.922847,25.09,17.13,147.06,518.02,20.04,56.95,6.63,57,Fair,False,0.0
2025-12-02T17:08:54.784014,24.28,1.64,140.03,535.57,24.33,69.94,7.48,31,Poor,True,0.096
2025-12-02T17:08:56.010277,24.45,16.97,140.29,561.5,18.9,64.99,6.53,49,Fair,False,0.0
2025-12-02T17:18:13.960794,23.57,18.46,147.55,505.24,20.61,53.89,7.23,72,Good,False,0.0
2025-12-02T17:18:15.896974,22.74,17.82,144.57,453.58,20.64,53.52,7.28,62,Good,False,0.0
2025-12-02T17:19:56.214158,21.21,18.91,140.32,539.31,20.72,53.53,7.21,67,Good,False,0.0
2025-12-02T17:19:58.151014,23.34,18.63,156.27,507.65,23.28,54.36,7.37,50,Fair,False,0.0
2025-12-02T17:20:58.331520,22.54,18.2,122.09,503.33,22.41,52.63,7.05,77,Excellent,False,0.0
2025-12-02T17:21:00.249151,24.94,19.13,177.22,496.05,25.23,54.47,7.43,63,Good,False,0.0
2025-12-02T17:25:32.643377,21.35,18.19,141.3,507.09,23.67,58.48,7.42,34,Poor,False,0.0
2025-12-02T17:25:34.571271,21.57,18.39,141.99,531.67,23.55,55.1,7.49,35,Poor,False,0.0
2025-12-02T17:26:34.727272,21.44,18.26,149.04,548.08,24.69,49.29,7.22,52,Fair,False,0.0
2025-12-02T17:26:36.688122,20.71,17.82,151.82,495.55,25.24,66.72,7.68,89,Excellent,False,0.0
2025-12-02T17:27:36.813297,21.47,18.72,152.34,584.75,24.09,49.03,7.03,57,Fair,False,0.0
2025-12-02T17:27:38.764635,21.16,16.88,145.02,525.34,26.3,62.49,9.0,87,Excellent,True,0.017857142857142856
2025-12-02T17:28:38.887153,21.49,19.51,143.89,545.62,22.59,53.06,6.77,56,Fair,False,0.0
2025-12-02T17:28:40.874459,20.24,16.11,135.14,476.73,27.59,70.51,9.0,75,Excellent,True,0.017857142857142856
2025-12-02T17:29:40.983033,20.76,19.91,141.57,547.45,20.98,56.49,6.49,67,Good,False,0.0
2025-12-02T17:29:42.958592,20.47,16.95,133.71,505.27,27.47,74.89,8.95,73,Good,True,0.016964285714285703
2025-12-02T17:30:43.063677,21.91,19.97,136.01,547.76,19.81,61.32,6.44,86,Excellent,False,0.0
2025-12-02T17:30:45.043496,19.36,17.62,140.42,546.43,7.04,73.06,8.9,60,Good,True,0.04228571428571428
2025-12-02T17:31:45.145406,20.81,20.02,134.36,579.42,19.05,58.51,6.65,36,Poor,False,0.0
2025-12-02T17:31:47.146155,17.43,17.28,144.1,502.37,5.17,74.25,5.4,66,Good,True,0.06899999999999999
2025-12-02T17:32:47.268257,21.6,20.8,132.6,611.87,19.29,56.34,6.71,50,Fair,False,0.0
2025-12-02T17:32:49.249052,15.69,17.76,143.56,477.98,5.75,77.37,5.46,59,Fair,True,0.060714285714285714
2025-12-02T17:33:49.379195,-7.65,20.55,135.89,628.31,17.53,60.59,6.63,45,Fair,True,0.14285714285714285
2025-12-02T17:33:51.315841,14.19,18.45,148.95,470.27,5,76.1,5.57,58,Fair,True,0.07142857142857142
2025-12-02T17:34:51.464557,-9.48,20.73,135.22,672.69,5,59.48,6.76,27,Critical,True,0.14285714285714285
2025-12-02T17:34:53.426457,12.95,17.5,152.16,514.2,20.24,80,5.57,67,Good,True,0.02040816326530612
2025-12-02T17:35:53.549799,-10.92,19.75,133.7,650.35,5,60.09,6.66,47,Fair,True,0.14285714285714285
2025-12-02T17:35:55.510365,11.59,17.38,161.59,512.52,21.1,77.86,5.52,66,Good,True,0.01604081632653061
2025-12-02T17:36:55.655179,-11.12,19.5,136.01,691.7,5,61.45,6.81,53,Fair,True,0.14285714285714285
2025-12-02T17:36:57.589064,12.4,16.85,170.15,497.37,23.05,80,5.67,56,Fair,True,0.02040816326530612
2025-12-02T17:37:57.748608,-9.35,19.56,137.83,722.73,5,61.92,6.55,39,Poor,True,0.14285714285714285
2025-12-02T17:37:59.715088,13.38,16.54,171.14,457.69,22.15,80,5.57,52,Fair,True,0.02040816326530612
2025-12-02T17:39:03.767634,-8.16,19.49,132.25,758.52,5,63.5,6.48,61,Good,True,0.14285714285714285
2025-12-02T17:39:05.571808,23.18,17.19,147.92,521.87,21.46,59.98,7.37,41,Poor,False,0.0
2025-12-02T17:40:05.862845,-7.61,19.01,122.64,748.72,6.9,61.29,6.29,66,Good,True,0.14285714285714285
2025-12-02T17:40:07.687694,25.06,17.95,154.87,561.03,22.83,58.76,7.55,49,Fair,False,0.0
2025-12-02T17:41:07.951412,-6.24,18.96,124.52,766.4,6.49,58.09,6.51,19,Critical,True,0.14285714285714285
2025-12-02T17:41:09.789840,23.68,18.95,157.86,515.1,24.3,55.44,7.83,60,Good,False,0.0
2025-12-02T17:42:10.059122,-6.44,19.82,130.17,773.42,5.52,54.95,6.49,53,Fair,True,0.14285714285714285
2025-12-02T17:42:11.875258,22.06,18.8,157.31,513.92,25.37,50.9,7.54,94,Excellent,False,0.0
2025-12-02T17:43:31.210980,21.37,17.65,150.0,477.06,21.09,55.9,7.0,73,Good,False,0.0
2025-12-02T17:44:24.204925,-7.23,19.47,126.2,748.04,8.98,49.87,6.99,70,Good,True,0.14285714285714285
2025-12-02T17:44:33.294467,23.1,18.56,143.25,427.32,5,57.64,6.82,41,Poor,True,0.07142857142857142
2025-12-02T17:44:48.545865,24.42,18.99,145.95,447.51,5,71.3,7.0,61,Good,True,0.07142857142857142
2025-12-02T17:44:52.864748,25.42,19.01,140.03,402.0,6.11,75.33,7.19,37,Poor,True,0.05557142857142856
2025-12-02T17:45:26.308252,-8.21,19.7,121.82,762.06,8.22,46.7,7.03,59,Fair,True,0.14285714285714285
2025-12-02T17:45:35.394806,21.37,18.48,141.73,381.58,6.02,58.18,7.08,42,Poor,True,0.05685714285714286
2025-12-02T17:46:28.389011,-10.14,19.46,126.16,748.76,9.01,43.94,6.77,42,Poor,True,0.14285714285714285
2025-12-02T17:46:37.492125,19.4,21.38,144.51,394.93,6.0,56.76,7.36,45,Fair,True,0.05714285714285715
2025-12-02T17:47:30.494095,-9.34,20.31,117.41,797.72,10.81,41.23,6.98,48,Fair,True,0.14285714285714285
2025-12-02T17:47:39.607958,19.37,29.35,144.81,389.57,5,61.23,7.45,50,Fair,True,0.07142857142857142
2025-12-02T17:48:32.627739,-7.6,19.95,125.26,838.68,10.33,42.34,7.22,40,Poor,True,0.14285714285714285
2025-12-02T17:48:41.708543,19.9,28.87,144.76,424.06,5.48,64.93,7.29,49,Fair,True,0.06457142857142857
2025-12-02T17:49:34.761101,-7.12,20.25,130.48,849.16,10.8,39.42,7.07,68,Good,True,0.14285714285714285
2025-12-02T17:49:43.809569,18.83,29.36,139.42,449.5,6.83,64.87,7.36,53,Fair,True,0.04528571428571428
2025-12-02T17:50:36.892828,-6.14,21.19,136.32,817.59,10.85,38.77,7.34,53,Fair,True,0.14285714285714285
2025-12-02T17:50:45.918336,18.3,29.74,148.23,403.69,6.08,60.94,7.29,51,Fair,True,0.056
2025-12-02T17:51:38.985899,-6.29,21.62,130.42,807.76,8.96,43.27,7.36,33,Poor,True,0.14285714285714285
2025-12-02T17:51:47.993165,17.75,30.63,141.72,389.84,5,62.18,7.25,60,Good,True,0.07142857142857142
2025-12-02T17:52:41.059583,-7.06,21.64,126.34,846.84,9.35,39.37,7.15,62,Good,True,0.14285714285714285
2025-12-02T17:52:50.122416,15.91,30.38,133.48,350.97,5.72,67.02,7.44,33,Poor,True,0.06114285714285715
2025-12-02T17:53:43.192179,-5.65,21.73,118.5,839.62,10.98,51.37,7.21,58,Fair,True,0.14285714285714285
2025-12-02T17:53:52.234761,17.68,29.42,141.23,334.07,5.43,71.41,7.7,51,Fair,True,0.0652857142857143
2025-12-02T17:54:45.292154,-5.64,22.03,112.76,888.46,11.77,48.35,7.1,64,Good,True,0.14285714285714285
2025-12-02T17:54:54.353953,19.56,28.71,140.03,313.98,5.74,72.27,7.74,50,Fair,True,0.06085714285714285
2025-12-02T17:55:47.405758,-7.45,21.29,119.16,845.21,11.88,51.15,6.97,69,Good,True,0.14285714285714285
2025-12-02T17:55:56.475762,21.48,28.62,148.13,300,7.6,73.07,7.88,51,Fair,True,0.034285714285714294
2025-12-02T17:56:49.515920,-8.61,21.13,113.32,891.55,11.39,48.13,6.95,66,Good,True,0.14285714285714285
2025-12-02T17:56:58.624021,20.17,27.27,142.68,308.45,8.41,71.06,7.75,55,Fair,True,0.02271428571428571
2025-12-02T17:57:51.629652,-10.05,33.63,112.03,913.14,10.85,43.4,6.92,51,Fair,True,0.14285714285714285
2025-12-02T17:58:00.726231,20.33,26.72,135.28,319.78,6.66,70.99,8.04,52,Fair,True,0.04771428571428571
2025-12-02T17:58:53.731437,-9.15,33.75,115.79,904.73,12.43,40.72,7.11,44,Poor,True,0.14285714285714285
2025-12-02T17:59:02.819698,-4.03,25.92,160.0,303.23,5.44,72.01,7.8,50,Fair,True,0.14285714285714285
2025-12-02T17:59:55.868586,-10.03,32.87,106.74,910.76,11.52,42.55,7.11,48,Fair,True,0.14285714285714285
2025-12-02T18:00:04.954027,25.07,25.11,163.8,300,5,69.79,7.97,52,Fair,True,0.07142857142857142
2025-12-02T18:00:58.014352,-9.26,32.27,98.49,921.93,10.82,39.16,7.1,66,Good,True,0.14285714285714285
2025-12-02T18:01:07.092203,25.45,25.28,160.12,300,5.64,73.02,8.12,48,Fair,True,0.06228571428571429
2025-12-02T18:02:00.123037,-10.52,31.77,99.57,936.42,8.86,39.86,6.9,65,Good,True,0.14285714285714285
2025-12-02T18:02:09.240238,24.65,-4.45,150.6,349.33,5,72.65,8.31,48,Fair,True,0.14285714285714285
2025-12-02T18:03:02.274295,-8.98,32.63,93.29,952.5,9.27,42.31,6.64,31,Poor,True,0.14285714285714285
2025-12-02T18:03:11.372728,23.69,2.36,152.42,328.38,5,72.27,8.3,48,Fair,True,0.07542857142857143
2025-12-02T18:04:04.391639,-9.29,31.96,90.17,909.95,9.02,47.18,6.61,42,Poor,True,0.14285714285714285
2025-12-02T18:04:13.507507,24.47,3.15,142.57,318.85,5,74.52,8.12,45,Fair,True,0.07142857142857142
2025-12-02T18:05:06.511087,-7.6,31.39,90.75,908.35,9.66,43.57,6.89,48,Fair,True,0.14285714285714285
2025-12-02T18:05:15.633926,24.59,2.81,137.43,304.76,5.21,77.24,8.17,42,Poor,True,0.06842857142857142
2025-12-02T18:06:08.651351,-8.01,31.93,92.65,954.43,11.64,40.62,6.94,45,Fair,True,0.14285714285714285
2025-12-02T18:06:17.721734,24.5,3.33,132.13,300,5,72.24,8.36,48,Fair,True,0.07142857142857142
2025-12-02T18:07:10.764793,-9.11,31.6,84.59,969.17,10.05,37.97,6.83,60,Good,True,0.14285714285714285
2025-12-02T18:07:19.882515,22.69,3.15,138.45,336.22,5,68.52,8.24,53,Fair,True,0.07142857142857142
2025-12-02T18:08:12.890349,-8.57,30.62,86.39,966.74,5,47.25,7.02,57,Fair,True,0.14285714285714285
2025-12-02T18:08:21.991634,23.43,3.82,140.41,324.9,5.18,66.52,8.04,56,Fair,True,0.06885714285714287
2025-12-02T18:09:15.022822,-7.14,30.97,77.54,950.22,5,43.21,7.22,35,Poor,True,0.14285714285714285
2025-12-02T18:09:24.107975,24.83,3.87,144.06,303.71,5,61.82,7.99,63,Good,True,0.07142857142857142
2025-12-02T18:10:17.188502,-5.61,31.11,87.14,979.98,5,39.61,7.03,64,Good,True,0.14285714285714285
2025-12-02T18:10:26.267404,26.34,3.47,135.39,300,5.23,61.98,8.1,63,Good,True,0.06814285714285714
2025-12-02T18:11:19.325919,-5.72,31.28,86.67,998.89,6.24,35.21,6.93,57,Fair,True,0.14285714285714285
2025-12-02T18:11:28.430118,25.14,4.07,132.78,339.2,5,62.65,8.12,61,Good,True,0.07142857142857142
2025-12-02T18:12:21.440604,-5.95,32.07,81.5,971.78,7.47,38.85,6.77,55,Fair,True,0.14285714285714285
2025-12-02T18:12:30.520895,26.01,3.21,132.5,357.66,5,67.09,7.88,56,Fair,True,0.07142857142857142
2025-12-02T18:13:23.571832,-7.39,31.23,79.0,924.7,9.27,34.36,6.74,49,Fair,True,0.14285714285714285
2025-12-02T18:13:32.645700,27.52,3.37,135.12,347.11,5,62.84,8.1,61,Good,True,0.07142857142857142
2025-12-02T18:14:25.690033,-24.97,32.02,84.21,946.82,10.81,34.68,6.96,63,Good,True,0.14285714285714285
2025-12-02T18:14:34.789367,27.15,2.43,133.02,384.73,5.11,63.56,8.22,65,Good,True,0.07342857142857143
2025-12-02T18:15:27.848994,-25.43,32.46,87.32,929.63,11.7,30.55,7.04,59,Fair,True,0.14285714285714285
2025-12-02T18:15:36.910953,26.47,2.1,134.77,398.48,5,61.66,8.41,82,Excellent,True,0.08285714285714285
2025-12-02T18:16:29.931127,-25.31,32.63,83.76,978.31,8.44,26.93,7.16,44,Poor,True,0.14285714285714285
2025-12-02T18:16:39.046445,28.21,2.18,128.79,435.41,6.39,64.63,8.39,68,Good,True,0.08057142857142856
2025-12-02T18:17:32.041975,-25.28,33.13,79.72,974.99,7.75,25.89,6.96,48,Fair,True,0.14285714285714285
2025-12-02T18:17:41.158024,28.2,2.79,132.95,425.78,8.24,66.49,8.62,65,Good,True,0.06314285714285714
2025-12-02T18:18:34.160325,-23.83,33.36,80.32,1000,9.75,22.22,6.68,30,Poor,True,0.14285714285714285
2025-12-02T18:18:43.310900,29.25,2.07,139.28,398.35,7.07,70.78,8.74,72,Good,True,0.08371428571428573
2025-12-02T18:19:36.304938,-24.11,33.08,73.56,1000,10.11,24.78,6.72,36,Poor,True,0.14285714285714285
2025-12-02T18:19:45.440768,29.37,2.84,129.9,420.06,8.35,68.12,8.97,61,Good,True,0.06171428571428572
2025-12-02T18:20:38.437644,-24.14,33.26,73.39,1000,9.77,22.94,6.57,25,Critical,True,0.14285714285714285
2025-12-02T18:20:47.586628,29.42,3.56,126.86,430.58,9.33,64.99,8.82,69,Good,True,0.04114285714285714
2025-12-02T18:21:40.545497,-23.42,32.35,59.0,995.55,9.59,27.45,6.67,37,Poor,True,0.14285714285714285
2025-12-02T18:21:49.692842,28.02,3.33,121.5,415.05,9.98,69.69,4.0,59,Fair,True,0.04771428571428571
2025-12-02T18:22:42.700111,-25.21,32.84,58.97,1000,11.49,31.44,6.67,44,Poor,True,0.14285714285714285
2025-12-02T18:22:51.786054,52.82,3.81,117.91,405.46,8.16,67.23,9.0,59,Fair,True,0.045785714285714284
2025-12-02T18:23:44.792682,-23.73,32.64,62.26,975.39,11.0,28.43,6.79,46,Fair,True,0.14285714285714285
2025-12-02T18:23:53.924694,52.26,4.55,123.02,425.51,7.94,63.36,9.0,68,Good,True,0.043785714285714275
2025-12-02T18:24:46.925346,-22.13,31.88,52.4,975.49,11.47,23.67,6.86,44,Poor,True,0.14285714285714285
2025-12-02T18:24:56.000394,53.24,4.34,113.73,402.77,9.56,61.62,8.79,68,Good,True,0.0472857142857143
2025-12-02T18:25:49.020751,-21.76,32.06,48.22,989.94,8.79,20,6.74,29,Critical,True,0.14285714285714285
2025-12-02T18:25:58.137648,54.69,4.44,111.85,376.68,9.86,62.64,8.49,67,Good,True,0.052464285714285706
2025-12-02T18:26:51.140252,-21.62,32.28,51.04,1000,10.78,20,6.89,40,Poor,True,0.14285714285714285
2025-12-02T18:27:00.300748,54.3,4.4,114.86,406.81,8.84,62.66,8.71,67,Good,True,0.05107142857142856
2025-12-02T18:27:53.297016,-20.66,32.71,56.92,995.4,10.79,20,4.0,42,Poor,True,0.14285714285714285
2025-12-02T18:28:02.412348,55.79,5.31,105.5,404.09,7.63,61.54,8.94,66,Good,True,0.05639285714285714
2025-12-02T18:28:55.404126,-19.14,31.98,58.2,946.03,11.67,20,4.19,44,Poor,True,0.14285714285714285
2025-12-02T18:29:04.538424,54.73,20.46,110.18,404.48,5.97,62.16,8.86,63,Good,True,0.05757142857142857
2025-12-02T18:29:57.513873,-18.99,31.97,51.92,923.22,13.48,20,9.0,47,Fair,True,0.14285714285714285
2025-12-02T18:30:06.652595,54.9,19.87,119.47,406.48,5,62.83,8.68,62,Good,True,0.07142857142857142
2025-12-02T18:30:59.633179,-19.26,10.95,51.3,935.19,12.0,20,9.0,45,Fair,True,0.14285714285714285
2025-12-02T18:31:08.779947,54.31,18.93,116.4,409.85,5,59.59,8.85,40,Poor,True,0.07142857142857142
2025-12-02T18:32:01.743229,-18.35,10.9,50.96,940.82,11.21,23.35,8.71,49,Fair,True,0.14285714285714285
2025-12-02T18:32:10.933707,53.36,19.58,90.74,418.36,5,56.07,9.0,51,Fair,True,0.07142857142857142
2025-12-02T18:33:03.846133,-17.21,9.98,57.65,955.27,5,27.49,8.57,47,Fair,True,0.14285714285714285
2025-12-02T18:33:13.095930,53.81,19.68,94.5,445.13,5,51.33,9.0,70,Good,True,0.07142857142857142
2025-12-02T18:34:05.991850,-18.25,24.19,51.85,930.99,27.13,20,8.65,47,Fair,True,0.14285714285714285
2025-12-02T18:34:15.216499,54.4,19.08,90.34,444.07,5,54.49,8.99,61,Good,True,0.07142857142857142
2025-12-02T18:35:08.132932,-16.81,24.25,42.95,918.46,26.36,23.25,8.65,52,Fair,True,0.14285714285714285
2025-12-02T18:35:17.340230,55.95,18.24,86.25,472.46,6.29,50.25,8.83,80,Excellent,True,0.056964285714285724
2025-12-02T18:36:10.267847,-18.37,-1.71,31.21,931.94,26.23,25.95,8.78,56,Fair,True,0.14285714285714285
2025-12-02T18:36:19.475355,57.88,17.78,76.62,470.72,5.08,47.27,8.67,72,Good,True,0.07028571428571428
2025-12-02T18:37:12.429258,-17.81,-1.82,35.65,939.68,27.75,29.22,8.72,58,Fair,True,0.14285714285714285
2025-12-02T18:37:21.570533,58.35,17.67,79.81,482.05,22.52,50.11,8.72,81,Excellent,True,0.0655357142857143
2025-12-02T18:38:14.542637,-16.57,-2.43,40.87,988.71,26.97,28.46,8.92,58,Fair,True,0.14285714285714285
2025-12-02T18:38:23.691090,60.33,18.25,74.0,511.28,22.39,50.09,8.45,84,Excellent,True,0.07260714285714286
2025-12-02T18:39:16.703093,-16.64,-2.06,35.12,1000,26.64,24.4,8.8,53,Fair,True,0.14285714285714285
2025-12-02T18:39:25.787902,58.6,18.04,67.25,527.23,20.55,64.49,8.65,83,Excellent,True,0.06642857142857143
2025-12-02T18:40:18.833189,-15.24,-2.65,39.36,966.44,27.04,22.32,8.66,50,Fair,True,0.14285714285714285
2025-12-02T18:40:27.919460,57.8,18.05,64.69,513.14,22.07,66.58,8.76,76,Excellent,True,0.06357142857142857
2025-12-02T18:41:20.975968,-13.49,-3.0,40.99,941.77,27.23,20,8.62,47,Fair,True,0.14285714285714285
2025-12-02T18:41:30.042591,58.67,18.09,68.67,533.79,21.42,64.63,8.54,78,Excellent,True,0.06667857142857143
2025-12-02T18:42:23.083045,-14.85,-3.45,37.8,917.5,26.4,22.46,8.84,51,Fair,True,0.14285714285714285
2025-12-02T18:42:32.162323,60.16,18.65,74.92,517.29,20.13,69.02,8.28,82,Excellent,True,0.07199999999999998
2025-12-02T18:43:25.231790,-15.39,-3.28,34.2,910.76,28.28,20,8.79,45,Fair,True,0.14285714285714285
2025-12-02T18:43:34.246639,58.45,18.75,73.93,474.31,35,65.88,8.47,73,Good,True,0.06589285714285716
2025-12-02T18:44:27.410586,-14.43,-3.93,27.6,941.86,27.7,20,8.92,46,Fair,True,0.14285714285714285
2025-12-02T18:44:36.357808,58.97,18.98,79.09,446.03,33.22,63.46,8.42,72,Good,True,0.06774999999999999
2025-12-02T18:45:29.538036,-14.89,-4.63,21.47,941.25,28.89,23.66,9.0,49,Fair,True,0.14285714285714285
2025-12-02T18:45:38.489943,57.18,18.44,87.94,424.69,31.63,59.36,8.2,49,Fair,True,0.06135714285714285
2025-12-02T18:46:31.691835,-16.44,-4.93,13.3,933.4,28.8,22.51,9.0,48,Fair,True,0.14285714285714285
2025-12-02T18:46:40.573053,58.22,19.1,91.1,388.92,32.6,55.48,8.04,63,Good,True,0.06507142857142857
2025-12-02T18:47:33.778482,-17.2,-4.6,18.46,907.77,28.59,20.81,9.0,46,Fair,True,0.14285714285714285
2025-12-02T18:47:42.691317,57.02,18.99,91.61,403.96,32.51,59.2,8.0,44,Poor,True,0.0607857142857143
2025-12-02T18:48:35.913491,-19.17,-15.03,24.01,882.12,26.74,20,9.0,47,Fair,True,0.14285714285714285
2025-12-02T18:48:44.842448,55.48,19.18,93.36,374.35,32.37,61.28,7.97,67,Good,True,0.05528571428571427
2025-12-02T18:49:38.075766,-20.2,-15.73,17.01,890.34,28.72,20,9.0,44,Poor,True,0.14285714285714285
2025-12-02T18:49:46.965896,56.86,18.32,97.26,372.83,31.11,62.98,8.23,65,Good,True,0.06021428571428571
2025-12-02T18:50:40.218341,-18.89,-16.43,12.89,901.46,29.73,24.62,9.0,49,Fair,True,0.14285714285714285
2025-12-02T18:50:49.151227,58.15,19.11,93.28,349.97,30.71,63.4,8.12,66,Good,True,0.06482142857142857
2025-12-02T18:51:42.386267,-40.26,-16.53,17.38,895.47,28.76,20.53,8.84,45,Fair,True,0.14285714285714285
2025-12-02T18:51:51.235850,56.29,19.76,97.32,311.85,32.52,63.73,7.98,63,Good,True,0.05817857142857143
2025-12-02T18:52:44.498225,-41.34,-15.96,19.65,858.74,27.61,20,8.86,46,Fair,True,0.14285714285714285
2025-12-02T18:52:53.365156,54.56,19.88,104.5,350.73,6.02,62.68,4.0,60,Good,True,0.05685714285714286
2025-12-02T18:53:46.640721,-41.84,-15.11,22.08,837.58,28.57,23.29,8.89,49,Fair,True,0.14285714285714285
2025-12-02T18:53:55.487731,53.69,20.54,107.6,338.73,6.8,62.17,4.0,62,Good,True,0.048892857142857134
2025-12-02T18:54:48.752330,-41.42,-14.73,16.71,835.81,30.21,26.71,9.0,52,Fair,True,0.14285714285714285
2025-12-02T18:54:57.633934,52.9,21.05,103.46,329.52,8.43,62.02,4.07,64,Good,True,0.04607142857142856
2025-12-02T18:55:50.887148,-40.74,-15.68,16.33,793.49,32.18,56.4,8.71,50,Fair,True,0.14285714285714285
2025-12-02T18:55:59.774103,54.04,20.06,101.13,379.0,8.85,61.81,4.18,65,Good,True,0.05014285714285714
2025-12-02T18:56:53.022809,-40.89,-15.38,6.88,747.34,33.34,55.75,9.0,50,Fair,True,0.14285714285714285
2025-12-02T18:57:01.895858,53.68,20.89,102.04,383.94,10.75,64.55,4.0,67,Good,True,0.048857142857142856
2025-12-02T18:57:55.163487,-41.91,-15.74,3.69,755.64,31.73,52.38,8.74,62,Good,True,0.14285714285714285
2025-12-02T18:58:04.039334,52.64,20.16,111.82,384.7,12.45,65.98,4.0,68,Good,True,0.045142857142857144
2025-12-02T18:58:57.307897,-41.48,-15.65,-4.96,758.16,31.49,56.96,8.49,50,Fair,True,0.14285714285714285
2025-12-02T18:59:06.160100,51.86,19.73,111.13,383.94,10.78,62.7,4.11,70,Good,True,0.04235714285714286
2025-12-02T18:59:59.390673,-39.6,-15.9,-1.31,719.11,32.92,56.95,8.4,48,Fair,True,0.14285714285714285
2025-12-02T19:00:08.313114,52.61,19.71,117.57,366.02,12.73,62.35,4.27,69,Good,True,0.04503571428571428
2025-12-02T19:01:01.520177,-38.98,-2.61,-19.83,694.75,31.32,56.59,8.31,51,Fair,True,0.14285714285714285
2025-12-02T19:01:10.441842,51.83,20.08,124.58,361.27,5,65.94,4.39,55,Fair,True,0.07142857142857142
2025-12-02T19:02:03.647329,-40.22,-2.08,-11.09,673.12,33.09,61.48,9.0,64,Good,True,0.14285714285714285
2025-12-02T19:02:12.597185,51.48,19.36,124.83,314.1,5.17,39.47,4.64,63,Good,True,0.06899999999999999
2025-12-02T19:03:05.748525,-41.27,-2.72,-5.11,657.61,32.77,63.37,9.0,62,Good,True,0.14285714285714285
2025-12-02T19:03:14.732759,49.64,19.49,122.92,319.85,5,40.95,4.57,39,Poor,True,0.07142857142857142
2025-12-02T19:04:07.899624,-41.03,-2.29,-9.29,702.5,5.78,60.43,8.93,64,Good,True,0.14285714285714285
2025-12-02T19:04:16.846498,51.01,6.22,124.67,367.52,5,42.77,4.6,44,Poor,True,0.07142857142857142
2025-12-02T19:05:09.994962,-34.23,-3.15,-16.65,666.67,16.69,65.33,9.0,53,Fair,True,0.14285714285714285
2025-12-02T19:05:18.958652,49.32,7.17,131.83,349.69,5,44.15,4.61,47,Fair,True,0.07142857142857142
2025-12-02T19:06:12.142923,-35.54,-3.74,-23.79,666.13,17.11,68.84,8.96,50,Fair,True,0.14285714285714285
2025-12-02T19:06:21.090219,49.8,8.09,127.52,327.52,5,44.47,4.58,48,Fair,True,0.07142857142857142
2025-12-02T19:07:14.250027,-35.91,-4.24,-29.27,663.24,17.12,71.52,8.77,47,Fair,True,0.14285714285714285
2025-12-02T19:07:23.235197,68.3,7.5,125.36,363.79,6.19,44.08,4.72,49,Fair,True,0.10107142857142856
2025-12-02T19:08:16.361663,-35.72,-3.56,-22.15,708.34,17.8,67.43,8.78,55,Fair,True,0.14285714285714285
2025-12-02T19:08:25.357484,67.1,8.23,125.24,342.1,5,46.3,4.45,53,Fair,True,0.09678571428571427
2025-12-02T19:09:18.499018,-37.34,-3.61,-22.61,726.32,18.72,80,8.99,43,Poor,True,0.14285714285714285
2025-12-02T19:09:27.459649,65.88,7.59,124.36,358.36,34.18,51.16,9.0,62,Good,True,0.09242857142857142
2025-12-02T19:10:20.610636,-36.24,-3.09,-27.13,743.02,17.46,80,8.69,37,Poor,True,0.14285714285714285
2025-12-02T19:10:29.582801,64.41,8.43,114.47,309.61,33.6,46.42,8.9,56,Fair,True,0.08717857142857142
2025-12-02T19:11:22.740187,-37.39,-3.24,-31.9,715.95,19.01,80,8.92,44,Poor,True,0.14285714285714285
2025-12-02T19:11:31.718261,65.12,24.06,111.31,300,34.23,48.29,9.0,60,Good,True,0.08971428571428573
2025-12-02T19:12:24.869059,-36.56,-2.73,-37.98,759.57,20.98,80,8.63,45,Fair,True,0.14285714285714285
2025-12-02T19:12:33.853324,64.51,23.81,106.34,300,35,48.01,8.86,58,Fair,True,0.0875357142857143
2025-12-02T19:13:27.016128,-35.83,-2.08,-34.54,788.74,19.01,75.79,8.86,50,Fair,True,0.14285714285714285
2025-12-02T19:13:35.959079,64.16,23.99,96.78,321.33,33.07,47.56,9.0,59,Fair,True,0.08628571428571427
2025-12-02T19:14:29.156778,-35.67,-1.21,-41.78,746.21,19.08,76.54,8.83,49,Fair,True,0.14285714285714285
2025-12-02T19:14:38.070017,62.2,24.7,119.41,332.29,34.2,43.9,9.0,48,Fair,True,0.07928571428571429
2025-12-02T19:15:31.288446,-35.03,-0.91,-49.09,703.43,19.72,71.91,8.9,59,Fair,True,0.14285714285714285
2025-12-02T19:15:40.217877,62.44,25.11,134.34,329.28,32.4,45.61,8.77,55,Fair,True,0.08014285714285714
2025-12-02T19:16:33.425751,-35.76,-1.14,-51.78,694.4,21.46,68.58,9.0,57,Fair,True,0.14285714285714285
2025-12-02T19:16:42.314150,63.62,25.95,134.58,304.42,31.51,48.0,8.96,63,Good,True,0.08435714285714284
2025-12-02T19:17:35.532593,-35.78,-0.69,-52.85,716.89,20.95,70.57,8.96,57,Fair,True,0.14285714285714285
2025-12-02T19:17:44.438331,61.99,25.66,125.46,300,29.73,47.71,9.0,64,Good,True,0.07853571428571429
2025-12-02T19:18:37.642875,-34.09,-0.53,-60.44,686.23,21.95,66.94,8.97,57,Fair,True,0.14285714285714285
2025-12-02T19:18:46.555367,62.37,25.67,130.13,332.24,28.06,45.28,8.71,60,Good,True,0.07989285714285713
2025-12-02T19:19:39.766968,-34.21,-1.41,-55.49,719.96,21.62,65.14,9.0,61,Good,True,0.14285714285714285
2025-12-02T19:19:48.688319,61.33,26.57,127.78,349.28,29.96,46.15,8.63,60,Good,True,0.07617857142857143
2025-12-02T19:20:41.912823,-32.88,-1.31,-50.18,714.76,23.15,67.72,9.0,50,Fair,True,0.14285714285714285
2025-12-02T19:20:50.796671,62.28,25.74,131.46,323.66,31.61,49.05,8.46,66,Good,True,0.07957142857142858
2025-12-02T19:21:44.048288,-33.82,0.54,-59.91,705.35,21.6,65.69,9.0,60,Good,True,0.14285714285714285
2025-12-02T19:21:52.910244,60.37,25.98,134.37,371.24,32.09,50.15,8.27,68,Good,True,0.07275
2025-12-02T19:22:46.185344,-35.44,1.05,-59.94,713.11,20.54,61.32,9.0,71,Good,True,0.14285714285714285
2025-12-02T19:22:55.047557,60.91,26.53,131.6,348.7,30.4,54.47,8.4,58,Fair,True,0.07467857142857141
2025-12-02T19:23:48.305603,-33.65,0.38,-66.24,726.42,21.3,59.68,8.71,44,Poor,True,0.14285714285714285
2025-12-02T19:23:57.180247,62.51,26.59,128.94,354.32,30.22,56.19,8.39,54,Fair,True,0.08039285714285714
2025-12-02T19:24:50.409681,-33.43,1.0,-64.97,775.95,21.86,61.42,8.97,65,Good,True,0.14285714285714285
2025-12-02T19:24:59.351584,61.92,26.61,126.63,304.78,31.92,58.13,8.39,46,Fair,True,0.07828571428571429
2025-12-02T19:25:52.529722,-33.66,0.44,-69.25,816.61,23.07,62.67,9.0,57,Fair,True,0.14285714285714285
2025-12-02T19:26:01.496324,60.14,26.16,128.53,305.09,30.12,80,8.46,43,Poor,True,0.07192857142857144
2025-12-02T19:26:54.650403,-33.71,1.05,-73.01,855.81,21.3,65.91,8.94,62,Good,True,0.14285714285714285
2025-12-02T19:27:03.595728,61.7,25.92,129.49,300,30.57,80,8.24,43,Poor,True,0.07750000000000001
2025-12-02T19:27:56.790951,-33.51,1.81,-73.47,860.94,19.65,66.88,8.78,65,Good,True,0.14285714285714285
2025-12-02T19:28:05.709802,62.98,26.61,127.81,300,31.3,80,8.53,42,Poor,True,0.08207142857142856
2025-12-02T19:28:58.910080,-31.78,0.94,-68.9,862.94,19.92,69.65,8.97,62,Good,True,0.14285714285714285
2025-12-02T19:29:07.829878,61.52,27.51,135.03,305.68,29.38,77.99,8.62,47,Fair,True,0.07685714285714286
2025-12-02T19:30:00.984174,-31.47,0.78,-70.19,884.67,20.25,66.72,9.0,66,Good,True,0.14285714285714285
2025-12-02T19:30:09.951718,63.46,28.51,135.09,300,28.32,67.82,8.64,62,Good,True,0.08378571428571428
2025-12-02T19:31:03.117936,-31.39,-0.1,-76.24,840.62,22.04,65.84,8.99,58,Fair,True,0.14285714285714285
2025-12-02T19:31:12.098413,62.03,29.33,137.02,322.76,26.73,67.59,8.46,64,Good,True,0.07867857142857144
2025-12-02T19:32:05.205596,-33.32,-3.44,-85.6,853.13,22.47,65.26,9.0,57,Fair,True,0.14285714285714285
2025-12-02T19:32:14.227245,62.95,29.22,133.6,344.04,25.63,66.34,8.36,67,Good,True,0.08196428571428573
2025-12-02T19:33:07.335976,-35.02,-2.69,-76.72,880.5,21.4,62.52,7.63,67,Good,True,0.14285714285714285
2025-12-02T19:33:16.364464,63.08,30.1,129.35,389.69,26.69,68.6,8.16,74,Good,True,0.08242857142857142
2025-12-02T19:34:09.470820,-36.48,-3.45,-85.6,844.78,21.16,65.46,7.78,64,Good,True,0.14285714285714285
2025-12-02T19:34:18.492565,63.33,29.24,135.72,377.15,26.51,69.1,7.93,63,Good,True,0.08332142857142856
2025-12-02T19:35:11.563936,-35.45,-4.07,-86.01,842.01,21.02,68.07,7.61,62,Good,True,0.14285714285714285
2025-12-02T19:35:20.537123,62.3,28.42,135.49,362.08,25.63,70.16,8.03,63,Good,True,0.07964285714285713
2025-12-02T19:36:13.644120,-36.3,-4.35,-81.43,815.89,20.85,63.48,7.44,45,Fair,True,0.14285714285714285
2025-12-02T19:36:22.649057,64.21,27.67,142.41,329.17,24.42,66.28,7.82,47,Fair,True,0.08646428571428569
2025-12-02T19:37:15.716097,-34.5,-3.83,-78.71,789.3,22.36,58.84,7.66,42,Poor,True,0.14285714285714285
2025-12-02T19:37:24.729443,64.41,28.33,140.08,373.53,25.46,67.27,7.93,67,Good,True,0.08717857142857142
2025-12-02T19:38:17.809354,-32.95,-3.03,-88.29,835.43,23.06,60.39,4.0,59,Fair,True,0.14285714285714285
2025-12-02T19:38:26.849555,64.47,28.16,146.27,422.9,23.81,69.66,7.71,51,Fair,True,0.08739285714285715
2025-12-02T19:39:19.932875,-33.87,-3.51,-87.96,862.4,22.74,62.28,4.0,58,Fair,True,0.14285714285714285
2025-12-02T19:39:28.959791,63.54,29.1,138.73,403.85,24.58,69.34,7.85,43,Poor,True,0.08407142857142857
2025-12-02T19:40:22.029011,-35.26,-2.76,-82.44,825.75,23.28,63.21,4.05,54,Fair,True,0.14285714285714285
2025-12-02T19:40:31.073750,61.81,29.42,142.88,400.46,25.01,68.39,7.56,67,Good,True,0.07789285714285714
2025-12-02T19:41:24.120192,-33.42,-3.29,-85.08,786.86,23.25,63.5,4.19,54,Fair,True,0.14285714285714285
2025-12-02T19:41:33.168536,60.68,28.89,145.48,404.95,25.5,66.21,7.49,43,Poor,True,0.07385714285714286
2025-12-02T19:42:26.202426,-34.7,-2.71,-89.61,752.87,23.0,67.97,4.0,49,Fair,True,0.14285714285714285
2025-12-02T19:42:35.268841,61.93,28.15,150.68,407.92,23.68,64.2,7.35,37,Poor,True,0.07832142857142857
2025-12-02T19:43:28.329682,-33.6,-3.33,-99.49,707.28,22.14,64.37,9.0,60,Good,True,0.14285714285714285
2025-12-02T19:43:37.376829,61.2,28.18,151.84,415.59,24.08,65.16,7.57,54,Fair,True,0.07571428571428572
2025-12-02T19:44:30.408989,-32.08,-4.33,-98.68,664.74,23.04,63.77,8.8,56,Fair,True,0.14285714285714285
2025-12-02T19:44:39.481273,63.18,28.74,146.31,372.93,22.32,63.4,7.69,62,Good,True,0.08278571428571428
2025-12-02T19:45:32.557442,-32.49,-16.9,-89.81,696.86,35,68.03,8.51,54,Fair,True,0.14285714285714285
2025-12-02T19:45:41.609271,63.17,28.74,137.86,400.52,20.77,66.79,7.94,64,Good,True,0.08275
2025-12-02T19:46:34.651722,-33.11,-17.38,-82.76,717.68,33.19,66.3,8.29,58,Fair,True,0.14285714285714285
2025-12-02T19:46:43.705592,63.33,29.17,128.06,365.67,22.29,66.16,7.82,58,Fair,True,0.08332142857142856
2025-12-02T19:47:36.740539,-31.48,-16.89,-74.25,690.79,34.0,66.87,8.07,57,Fair,True,0.14285714285714285
2025-12-02T19:47:45.790331,64.94,30.11,129.08,363.3,35,63.87,7.52,60,Good,True,0.08907142857142857
2025-12-02T19:48:38.808993,-31.14,-16.82,-77.55,700.03,33.49,69.04,7.88,55,Fair,True,0.14285714285714285
2025-12-02T19:48:47.896082,63.12,30.88,137.11,369.28,33.2,61.35,7.62,66,Good,True,0.08257142857142856
2025-12-02T19:49:40.945423,-7.98,-16.76,-79.95,727.64,33.92,70.64,8.13,52,Fair,True,0.14285714285714285
2025-12-02T19:49:50.026540,61.78,30.72,143.82,350.66,33.29,64.83,4.0,58,Fair,True,0.07778571428571428
2025-12-02T19:50:43.048358,-7.34,-17.06,-80.43,747.34,35,75.16,9.0,43,Poor,True,0.14285714285714285
2025-12-02T19:50:52.161951,60.71,31.63,139.62,388.55,33.85,61.96,4.28,71,Good,True,0.07396428571428572
2025-12-02T19:51:45.161750,-9.1,-16.32,-77.05,740.25,35,71.35,8.72,49,Fair,True,0.14285714285714285
2025-12-02T19:51:54.239935,58.85,32.38,145.67,427.9,33.43,63.18,4.41,67,Good,True,0.06732142857142857
2025-12-02T19:52:47.256961,-9.92,-15.5,-79.34,702.89,33.78,68.48,9.0,54,Fair,True,0.14285714285714285
2025-12-02T19:52:56.347966,57.09,10.6,139.36,464.74,32.78,59.35,4.29,54,Fair,True,0.0610357142857143
2025-12-02T19:53:49.372651,-8.09,-14.91,-75.01,699.92,35,67.4,8.89,54,Fair,True,0.14285714285714285
2025-12-02T19:53:58.445826,58.12,10.33,135.72,468.28,34.25,56.16,4.47,62,Good,True,0.06471428571428571
2025-12-02T19:54:51.507965,-7.73,-15.04,-72.43,667.83,34.29,65.12,8.61,58,Fair,True,0.14285714285714285
2025-12-02T19:55:00.571160,59.8,9.55,127.84,428.44,34.98,34.76,4.36,62,Good,True,0.0707142857142857
2025-12-02T19:55:53.596257,-5.74,-14.44,-69.78,684.97,33.85,62.37,8.55,62,Good,True,0.14285714285714285
2025-12-02T19:56:02.663697,55.16,9.02,136.55,389.22,33.24,38.51,4.53,73,Good,True,0.054142857142857125
2025-12-02T19:56:55.673892,-6.86,-13.64,-76.57,667.41,35,66.1,8.48,56,Fair,True,0.14285714285714285
2025-12-02T19:57:04.760299,55.27,9.44,138.46,418.47,34.9,38.61,4.27,65,Good,True,0.0545357142857143
2025-12-02T19:57:57.754003,-8.36,-13.82,-84.14,706.34,34.79,63.13,8.23,61,Good,True,0.14285714285714285
2025-12-02T19:58:06.879567,56.39,9.67,135.89,453.17,34.66,42.05,4.04,53,Fair,True,0.05853571428571429
2025-12-02T19:58:59.863658,-26.51,-13.31,-91.58,682.14,34.1,68.05,8.33,55,Fair,True,0.14285714285714285
2025-12-02T19:59:09.010843,55.93,9.89,137.73,496.34,33.92,41.58,4.05,62,Good,True,0.05689285714285714
2025-12-02T20:00:01.967850,-26.1,-13.42,-100.85,667.48,32.56,59.95,8.37,41,Poor,True,0.14285714285714285
2025-12-02T20:00:11.119393,54.33,10.71,137.64,516.78,35,43.98,4.0,64,Good,True,0.05117857142857142
2025-12-02T20:01:04.045618,-25.54,-13.44,-98.92,685.35,33.37,63.17,4.0,60,Good,True,0.14285714285714285
2025-12-02T20:01:13.250275,54.21,11.2,143.28,474.74,35,39.22,4.12,78,Excellent,True,0.05075
2025-12-02T20:02:06.125701,-27.11,-13.99,-99.71,642.0,35,58.57,4.0,39,Poor,True,0.14285714285714285
2025-12-02T20:02:15.372879,55.52,10.44,145.54,519.26,35,37.99,4.0,77,Excellent,True,0.05542857142857144
2025-12-02T20:03:08.230299,-27.23,-13.62,-99.58,597.73,35,54.23,4.18,52,Fair,True,0.14285714285714285
2025-12-02T20:03:17.505895,55.65,9.53,145.52,512.83,35,39.43,4.25,81,Excellent,True,0.05589285714285714
2025-12-02T20:04:10.377044,-28.1,-12.98,-105.19,560.82,35,26.7,4.0,53,Fair,True,0.14285714285714285
2025-12-02T20:04:19.660017,56.61,9.16,136.65,532.09,35,38.74,4.19,76,Excellent,True,0.059321428571428574
2025-12-02T20:05:12.532357,-1.18,-19.06,-110.04,523.67,35,27.04,4.22,62,Good,True,0.14285714285714285
2025-12-02T20:05:21.772056,57.88,9.91,135.21,528.69,34.46,39.66,4.0,78,Excellent,True,0.06385714285714286
2025-12-02T20:06:14.607268,0.63,-18.84,-100.56,493.49,35,27.44,4.2,66,Good,True,0.14285714285714285
2025-12-02T20:06:23.864230,56.91,10.0,136.66,498.56,34.83,35.76,4.0,78,Excellent,True,0.06039285714285713
2025-12-02T20:07:16.723067,0.13,-18.7,-100.52,452.57,34.27,20,4.34,48,Fair,True,0.14285714285714285
2025-12-02T20:07:25.942555,56.87,10.23,145.37,540.88,33.12,37.87,4.23,75,Excellent,True,0.06024999999999999
2025-12-02T20:08:18.804551,-0.64,-18.9,-106.12,489.06,34.5,20,4.0,55,Fair,True,0.14285714285714285
2025-12-02T20:08:28.024673,55.76,9.37,147.41,569.09,34.64,33.68,4.23,61,Good,True,0.05628571428571428
2025-12-02T20:09:20.892932,-1.86,-18.63,-102.05,475.66,34.99,20,4.0,52,Fair,True,0.14285714285714285
2025-12-02T20:09:30.173022,56.48,26.54,150.23,579.56,33.42,37.76,4.11,66,Good,True,0.058857142857142844
2025-12-02T20:10:23.036573,-0.92,-18.34,-104.34,468.07,35,20,4.0,50,Fair,True,0.14285714285714285
2025-12-02T20:10:32.300594,29.61,27.05,143.61,611.04,32.6,34.58,4.35,68,Good,True,0.01857142857142858
2025-12-02T20:11:25.120544,-0.33,-19.19,-100.45,432.77,33.31,20,4.1,45,Fair,True,0.14285714285714285
2025-12-02T20:11:34.426675,28.57,27.06,149.06,583.08,34.06,20,4.46,41,Poor,True,0.047619047619047616
2025-12-02T20:12:27.262219,-1.55,-37.84,-93.57,480.95,34.07,20,4.0,54,Fair,True,0.14285714285714285
2025-12-02T20:12:36.550165,27.23,26.64,147.31,574.36,33.57,20,4.58,43,Poor,True,0.047619047619047616
2025-12-02T20:13:29.370762,-0.2,-37.36,-101.84,487.4,33.77,20,4.0,56,Fair,True,0.14285714285714285
2025-12-02T20:13:38.707632,26.5,26.33,150.57,527.21,34.81,22.4,4.69,55,Fair,True,0.036190476190476197
2025-12-02T20:14:31.501019,1.13,-36.95,-94.9,504.0,32.8,20,4.0,59,Fair,True,0.14285714285714285
2025-12-02T20:14:40.838470,27.13,25.57,155.23,489.84,33.44,25.96,4.41,65,Good,True,0.01923809523809523
2025-12-02T20:15:33.636590,2.42,-37.16,-100.76,511.49,33.58,24.65,4.13,63,Good,True,0.14285714285714285
2025-12-02T20:15:42.975112,28.43,24.91,159.03,498.13,32.16,24.87,4.4,67,Good,True,0.02442857142857142
2025-12-02T20:16:35.730471,3.34,-36.43,-101.34,545.61,35,20.94,4.0,48,Fair,True,0.14285714285714285
2025-12-02T20:16:45.048505,30.09,25.3,160.82,516.03,33.57,26.88,4.56,65,Good,True,0.017
2025-12-02T20:17:37.824220,1.5,-36.13,-96.59,578.64,35,25.67,4.0,48,Fair,True,0.14285714285714285
2025-12-02T20:17:47.156230,31.38,25.06,157.93,565.6,34.6,22.13,4.29,47,Fair,True,0.03747619047619048
2025-12-02T20:18:39.930986,-0.15,-35.14,-69.72,604.98,34.28,23.26,4.24,57,Fair,True,0.14285714285714285
2025-12-02T20:18:49.281590,31.86,25.55,150.1,539.36,32.89,20,4.41,52,Fair,True,0.047619047619047616
2025-12-02T20:19:42.028369,-0.36,-35.93,-66.69,597.33,34.1,22.03,4.34,40,Poor,True,0.14285714285714285
2025-12-02T20:19:51.393220,30.07,25.57,155.67,498.84,31.01,24.78,4.47,69,Good,True,0.024857142857142852
2025-12-02T20:20:44.129644,-0.35,-36.41,-68.1,592.8,32.48,24.06,4.54,46,Fair,True,0.14285714285714285
2025-12-02T20:20:53.485991,31.71,25.3,160.44,469.95,31.91,20,4.4,55,Fair,True,0.047619047619047616
2025-12-02T20:21:46.218714,-2.27,-36.86,-62.99,577.16,31.03,26.62,4.55,55,Fair,True,0.14285714285714285
2025-12-02T20:21:55.535401,30.07,25.52,152.02,475.56,35,21.11,4.18,53,Fair,True,0.042333333333333334
2025-12-02T20:22:48.319325,-0.47,-37.67,-57.98,627.09,29.86,23.72,4.39,47,Fair,True,0.14285714285714285
2025-12-02T20:22:57.639327,50.68,25.27,128.84,431.47,33.77,22.12,4.0,46,Fair,True,0.038142857142857145
2025-12-02T20:23:50.427069,0.24,-37.18,-58.42,667.76,30.6,20,4.54,41,Poor,True,0.14285714285714285
2025-12-02T20:23:59.751001,51.46,24.72,136.0,453.92,35,20,4.0,47,Fair,True,0.047619047619047616
2025-12-02T20:24:52.526245,1.11,-37.51,-61.94,651.73,31.39,20,4.53,40,Poor,True,0.14285714285714285
2025-12-02T20:25:01.910043,50.06,25.64,138.03,436.6,35,22.2,4.0,46,Fair,True,0.037142857142857144
2025-12-02T20:25:54.640515,1.21,-37.6,-64.6,613.66,32.65,20,4.48,46,Fair,True,0.14285714285714285
2025-12-02T20:26:04.014578,51.91,25.34,137.32,430.52,35,20,4.0,42,Poor,True,0.047619047619047616
2025-12-02T20:26:56.722214,1.45,-36.61,-62.73,650.68,32.89,20,4.29,38,Poor,True,0.14285714285714285
2025-12-02T20:27:06.148909,52.92,24.68,133.74,398.56,34.09,22.19,4.0,59,Fair,True,0.04614285714285715
2025-12-02T20:27:58.821873,0.38,-37.55,-55.72,681.69,34.72,22.45,4.38,39,Poor,True,0.14285714285714285
2025-12-02T20:28:08.284229,54.29,25.36,142.24,360.28,35,26.66,4.14,45,Fair,True,0.05103571428571428
2025-12-02T20:29:00.944902,1.11,-38.05,-64.98,706.15,33.47,20,4.49,38,Poor,True,0.14285714285714285
2025-12-02T20:29:10.380256,55.19,24.97,148.52,374.96,34.36,29.18,4.19,49,Fair,True,0.054249999999999986
2025-12-02T20:30:03.040364,-0.72,-37.69,-59.11,723.41,33.34,20,4.33,38,Poor,True,0.14285714285714285
2025-12-02T20:30:12.534975,56.61,24.11,152.45,382.95,35,31.5,4.0,54,Fair,True,0.059321428571428574
2025-12-02T20:31:05.137278,-1.15,-38.38,-56.04,756.48,34.11,20,4.17,37,Poor,True,0.14285714285714285
2025-12-02T20:31:14.628632,58.53,30.7,157.84,366.66,35,31.18,4.0,50,Fair,True,0.06617857142857143
2025-12-02T20:32:07.234824,0.23,-37.71,-46.95,711.88,32.46,20.48,4.42,40,Poor,True,0.14285714285714285
2025-12-02T20:32:16.753391,57.76,30.29,149.63,363.66,35,34.13,4.0,54,Fair,True,0.06342857142857142
2025-12-02T20:33:09.339977,0.66,-38.14,-44.16,733.25,33.18,21.27,4.65,40,Poor,True,0.14285714285714285
2025-12-02T20:33:18.855311,57.36,2.93,151.95,362.04,33.97,20,4.0,37,Poor,True,0.062
2025-12-02T20:34:11.444475,-1.27,-38.72,-48.27,695.08,32.46,25.36,4.84,47,Fair,True,0.14285714285714285
2025-12-02T20:34:20.970336,55.53,2.35,151.06,392.81,35,20,4.02,49,Fair,True,0.07571428571428572
2025-12-02T20:35:13.541158,-2.66,-38.24,-43.67,680.66,32.39,27.24,4.64,49,Fair,True,0.14285714285714285
2025-12-02T20:35:23.048607,38.46,1.41,147.36,370.59,35,20,4.11,35,Poor,True,0.10257142857142856
2025-12-02T20:36:15.604230,-1.01,-38.1,-36.28,634.1,31.8,28.07,4.83,51,Fair,True,0.14285714285714285
2025-12-02T20:36:25.114388,37.85,1.14,141.48,420.07,35,24.84,4.31,47,Fair,True,0.11028571428571429
2025-12-02T20:37:17.735013,-0.25,-37.58,-44.18,597.46,31.88,31.73,4.83,57,Fair,True,0.14285714285714285
2025-12-02T20:37:27.249818,38.74,0.99,143.23,432.79,35,29.3,4.44,56,Fair,True,0.11457142857142856
2025-12-02T20:38:19.813827,-1.96,-36.7,-43.24,629.01,30.87,34.03,4.55,60,Good,True,0.14285714285714285
2025-12-02T20:38:29.406044,37.86,1.36,143.75,386.05,33.8,24.82,4.23,50,Fair,True,0.104
2025-12-02T20:39:21.916031,-0.51,-41.92,-38.54,609.78,31.97,35.79,4.4,72,Good,True,0.14285714285714285
2025-12-02T20:39:31.541668,39.36,1.06,144.45,431.85,35,24.79,4.44,49,Fair,True,0.11257142857142857
2025-12-02T20:40:23.996464,-0.73,-42.47,-38.62,615.28,30.91,38.06,4.11,70,Good,True,0.14285714285714285
2025-12-02T20:40:33.628460,41.12,0.39,144.76,442.23,34.19,28.79,4.35,58,Fair,True,0.13171428571428573
2025-12-02T20:41:26.064425,-1.87,-43.14,-30.17,610.21,31.8,38.01,4.33,75,Excellent,True,0.14285714285714285
2025-12-02T20:41:35.698543,39.31,-0.47,151.81,468.28,34.48,29.75,4.62,65,Good,True,0.14285714285714285
2025-12-02T20:42:28.178377,-0.35,-42.95,-21.64,599.23,30.08,33.84,4.26,61,Good,True,0.14285714285714285
2025-12-02T20:42:37.804967,38.84,-0.61,159.13,487.86,33.66,33.1,4.71,75,Excellent,True,0.14285714285714285
2025-12-02T20:43:30.258078,0.52,-42.58,-21.29,613.06,28.26,33.89,4.16,70,Good,True,0.14285714285714285
2025-12-02T20:43:39.895474,37.17,-1.1,158.17,513.99,34.33,35.66,4.56,77,Excellent,True,0.14285714285714285
2025-12-02T20:44:32.336020,1.08,-42.7,-13.55,661.37,26.96,30.51,4.26,60,Good,True,0.14285714285714285
2025-12-02T20:44:41.983101,36.32,9.67,154.88,503.12,35,31.22,4.41,72,Good,True,0.023809523809523808
2025-12-02T20:45:34.408673,-0.18,-41.73,-11.96,682.92,28.26,32.71,4.09,61,Good,True,0.14285714285714285
2025-12-02T21:24:28.293539,22.77,18.58,158.17,546.8,20.18,51.17,7.33,68,Good,False,0.0
2025-12-02T21:25:10.806196,18.78,18.34,154.32,506.45,20.81,54.52,7.32,65,Good,False,0.0
2025-12-02T21:25:30.590806,24.0,19.18,134.47,581.73,18.87,48.07,7.23,59,Fair,False,0.0
2025-12-02T21:26:13.035831,17.72,18.84,145.77,464.78,20.79,58.4,7.08,61,Good,False,0.0
2025-12-02T21:26:32.822871,25.29,19.89,128.79,627.7,17.39,51.14,7.43,39,Poor,False,0.0
2025-12-02T21:27:15.264922,16.3,19.34,154.08,416.69,20.07,61.48,6.86,72,Good,False,0.0
2025-12-02T21:27:35.060908,26.32,20.54,128.78,620.14,17.73,49.99,7.36,47,Fair,False,0.0
2025-12-02T21:28:17.491406,16.78,19.92,144.6,462.76,19.45,65.02,6.77,70,Good,False,0.0
2025-12-02T21:28:37.276934,25.42,21.25,128.68,620.2,18.15,46.06,7.09,53,Fair,False,0.0
2025-12-02T21:29:19.752452,18.07,19.71,153.83,448.81,20.56,68.31,7.03,73,Good,False,0.0
2025-12-02T21:29:39.460660,25.58,20.37,134.27,632.8,19.51,41.42,7.28,37,Poor,False,0.0
2025-12-02T21:30:21.959685,18.14,18.94,155.33,407.18,21.91,70.85,6.96,53,Fair,True,0.0017346938775510087
2025-12-02T21:30:41.705932,23.92,20.51,125.81,665.23,17.8,44.48,7.15,44,Poor,False,0.0
2025-12-02T21:31:24.200210,17.39,18.28,159.32,421.32,23.43,68.62,6.8,43,Poor,False,0.0
2025-12-02T21:31:43.958672,24.9,20.98,126.16,654.96,19.53,42.07,7.07,50,Fair,False,0.0
2025-12-02T21:32:26.456401,15.7,18.16,164.69,454.45,24.78,66.87,6.75,44,Poor,False,0.0
2025-12-02T21:32:46.151069,26.83,21.89,119.78,642.23,21.39,46.41,7.06,58,Fair,False,0.0
2025-12-02T21:33:28.668470,15.79,17.67,163.41,407.65,26.23,71.1,6.47,63,Good,True,0.002244897959183662
2025-12-02T21:33:48.471335,26.87,22.03,112.7,675.83,21.29,47.26,9.0,62,Good,True,0.017857142857142856
2025-12-02T21:34:30.900928,17.65,35.75,159.0,435.15,26.45,73.44,6.75,52,Fair,True,0.007020408163265302
2025-12-02T21:34:50.623328,25.61,21.48,111.84,644.96,21.31,42.9,4.0,49,Fair,True,0.028571428571428574
2025-12-02T21:35:33.112807,18.4,35.36,153.79,462.11,24.51,77.2,6.64,27,Critical,True,0.014693877551020414
2025-12-02T21:35:52.933546,27.56,20.76,112.28,611.19,8.86,43.6,4.06,59,Fair,True,0.026857142857142868
2025-12-02T21:36:35.372296,20.22,36.07,144.11,438.95,24.38,80,6.63,18,Critical,True,0.02040816326530612
2025-12-02T21:36:55.189021,26.77,21.74,120.63,626.33,10.11,39.38,4.31,68,Good,True,0.019714285714285722
2025-12-02T21:37:37.618048,19.57,35.45,144.35,452.02,23.55,80,6.4,45,Fair,True,0.02040816326530612
2025-12-02T21:37:57.425890,27.19,20.82,122.08,659.42,11.5,40.56,4.23,45,Fair,True,0.02199999999999999
2025-12-02T21:38:39.776367,21.09,36.26,142.72,413.04,24.38,80,6.45,32,Poor,True,0.02040816326530612
2025-12-02T21:38:59.591585,26.61,20.84,121.4,627.9,11.08,38.76,4.3,68,Good,True,0.020000000000000007
2025-12-02T21:39:41.913123,21.75,36.95,140.29,439.79,25.59,80,6.64,39,Poor,True,0.02040816326530612
2025-12-02T21:40:01.749242,28.28,21.55,130.82,614.9,11.49,35.08,4.28,69,Good,True,0.020571428571428567
2025-12-02T21:40:44.088057,23.5,36.94,134.69,429.57,25.89,80,6.87,49,Fair,True,0.02040816326530612
2025-12-02T21:41:03.862516,29.92,22.48,132.97,620.59,11.82,34.08,4.12,63,Good,True,0.02514285714285714
2025-12-02T21:41:46.252065,25.01,37.75,130.09,478.91,23.91,79.48,6.82,40,Poor,True,0.019346938775510213
2025-12-02T21:42:06.058507,30.45,21.95,123.39,584.08,11.08,30.0,4.23,60,Good,True,0.02199999999999999
2025-12-02T21:42:48.465579,26.3,37.11,125.71,491.37,23.28,80,6.96,52,Fair,True,0.02040816326530612
2025-12-02T21:43:08.262681,32.07,22.7,120.7,566.5,10.45,25.85,4.22,57,Fair,True,0.022285714285714294
2025-12-02T21:43:50.637330,26.93,36.11,120.9,525.73,25.11,76.94,7.01,70,Good,True,0.014163265306122445
2025-12-02T21:44:10.423986,32.48,23.11,94.76,582.92,11.89,23.25,4.89,53,Fair,True,0.03214285714285715
2025-12-02T21:44:52.773527,26.43,17.43,129.73,529.51,26.16,74.13,6.98,72,Good,True,0.008428571428571419
2025-12-02T21:45:12.537043,31.74,22.87,99.62,595.14,10.39,22.19,4.62,47,Fair,True,0.037190476190476184
2025-12-02T21:45:54.941181,25.34,16.88,155.32,577.71,25.21,72.04,4.0,63,Good,True,0.028571428571428574
2025-12-02T21:46:14.708666,30.15,23.26,96.0,579.51,10.38,25.59,9.0,55,Fair,True,0.020999999999999998
2025-12-02T21:46:57.166978,27.19,16.65,157.18,601.66,24.2,74.42,4.21,55,Fair,True,0.022571428571428572
2025-12-02T21:47:16.895214,29.24,22.82,103.49,601.47,11.68,26.76,8.86,74,Good,True,0.01542857142857142
2025-12-02T21:47:59.375919,25.97,17.03,164.56,581.43,24.57,70.06,4.0,43,Poor,True,0.028571428571428574
2025-12-02T21:48:19.108197,28.87,23.6,105.2,601.65,10.25,26.19,8.89,71,Good,True,0.018142857142857134
2025-12-02T21:49:01.604782,24.51,16.4,155.5,573.92,25.26,70.34,4.22,66,Good,True,0.022285714285714294
2025-12-02T21:49:21.425453,29.42,23.48,106.07,615.91,10.68,23.83,8.89,53,Fair,True,0.02938095238095239
2025-12-02T21:50:03.791332,22.68,16.22,164.6,604.05,24.89,71.39,4.47,53,Fair,True,0.01514285714285715
2025-12-02T21:50:23.652378,30.49,23.9,102.99,658.92,12.46,23.65,9.0,51,Fair,True,0.030238095238095248
2025-12-02T21:51:06.026840,23.53,1.55,168.36,570.75,24.31,69.12,4.56,48,Fair,True,0.09857142857142857
2025-12-02T21:51:25.887620,28.86,24.88,96.85,698.23,12.98,27.89,8.88,57,Fair,True,0.01571428571428573
2025-12-02T21:52:08.181941,23.88,1.47,160.84,586.17,24.58,70.98,4.55,41,Poor,True,0.10085714285714287
2025-12-02T21:52:28.055416,29.54,25.3,106.6,679.4,14.47,29.82,9.0,61,Good,True,0.017857142857142856
2025-12-02T21:53:10.343843,23.83,2.03,159.55,625.75,25.61,70.96,4.48,60,Good,True,0.08485714285714287
2025-12-02T21:53:30.239610,30.37,26.25,107.77,637.33,15.33,28.14,8.9,37,Poor,True,0.016071428571428577
2025-12-02T21:54:12.475458,24.38,1.67,153.1,589.34,26.69,75.01,4.77,56,Fair,True,0.09514285714285715
2025-12-02T21:54:32.384124,29.28,27.13,104.02,655.62,15.42,32.82,8.97,44,Poor,True,0.01732142857142858
2025-12-02T21:55:14.628596,25.61,1.51,149.66,549.1,27.71,73.25,4.83,65,Good,True,0.09971428571428573
2025-12-02T21:55:34.574972,31.07,26.52,110.89,619.56,16.31,32.6,9.0,48,Fair,True,0.017857142857142856
2025-12-02T21:56:16.804522,-3.29,1.11,158.01,515.28,27.03,54.62,4.67,79,Excellent,True,0.14285714285714285
2025-12-02T21:56:36.756516,32.35,26.2,119.11,576.9,17.9,34.11,9.0,63,Good,True,0.017857142857142856
2025-12-02T21:57:18.951349,-5.27,0.44,141.07,492.49,25.7,57.65,4.38,73,Good,True,0.14285714285714285
2025-12-02T21:57:38.956357,31.51,25.54,123.79,551.52,16.89,34.37,9.0,64,Good,True,0.017857142857142856
2025-12-02T21:58:21.163843,-3.9,1.02,136.83,504.59,23.95,56.23,4.55,60,Good,True,0.14285714285714285
2025-12-02T21:58:41.179487,32.21,25.95,133.47,550.55,17.92,31.33,8.78,65,Good,True,0.013928571428571417
2025-12-02T21:59:23.368173,-3.05,0.54,128.51,466.16,25.76,52.03,4.71,83,Excellent,True,0.14285714285714285
2025-12-02T21:59:43.373513,33.93,-3.61,127.23,530.3,17.83,35.39,8.92,74,Good,True,0.14285714285714285
2025-12-02T22:00:25.579944,-3.13,0.88,133.18,503.85,27.04,53.46,4.62,84,Excellent,True,0.14285714285714285
2025-12-02T22:00:45.579898,33.84,-4.18,119.75,541.82,16.98,32.91,8.74,65,Good,True,0.14285714285714285
2025-12-02T22:01:27.900427,-4.82,1.72,137.04,528.0,25.51,55.95,4.69,74,Good,True,0.14285714285714285
2025-12-02T22:01:47.876567,34.96,-5.17,114.67,589.54,18.21,47.12,8.69,62,Good,True,0.14285714285714285
2025-12-02T22:02:30.128256,-5.69,2.44,144.12,534.95,25.4,60.67,4.81,88,Excellent,True,0.14285714285714285
2025-12-02T22:02:50.062719,36.13,-5.36,106.66,594.34,19.23,44.93,8.6,60,Good,True,0.14285714285714285
2025-12-02T22:03:32.342467,-5.07,2.42,148.46,556.69,26.54,57.77,5.0,62,Good,True,0.14285714285714285
2025-12-02T22:03:52.238509,35.61,-4.67,102.07,564.18,19.51,42.55,8.65,62,Good,True,0.14285714285714285
2025-12-02T22:04:34.537591,-4.42,2.6,157.55,596.44,26.82,58.99,4.81,50,Fair,True,0.14285714285714285
2025-12-02T22:04:54.442956,34.57,-5.56,100.71,565.75,17.58,42.76,4.0,51,Fair,True,0.14285714285714285
2025-12-02T22:05:36.754359,-4.12,2.38,149.94,601.19,25.46,57.13,4.89,76,Excellent,True,0.14285714285714285
2025-12-02T22:05:56.616596,35.77,-6.53,99.77,549.28,17.44,45.46,4.0,61,Good,True,0.14285714285714285
2025-12-02T22:06:38.941339,-5.98,2.88,146.12,586.87,23.81,58.88,4.79,36,Poor,True,0.14285714285714285
2025-12-02T22:06:58.827636,35.26,-7.07,98.13,515.1,16.73,41.81,4.0,55,Fair,True,0.14285714285714285
2025-12-02T22:07:41.141002,-11.11,3.36,137.63,607.76,23.07,63.77,4.69,69,Good,True,0.14285714285714285
2025-12-02T22:08:01.023729,35.98,-7.89,94.12,534.43,18.69,40.08,4.07,56,Fair,True,0.14285714285714285
2025-12-02T22:08:43.357558,-12.21,3.12,133.07,571.27,24.22,66.44,4.89,53,Fair,True,0.14285714285714285
2025-12-02T22:09:03.244770,34.08,-8.03,96.02,520.57,19.44,37.51,4.28,86,Excellent,True,0.14285714285714285
2025-12-02T22:09:45.671205,-12.69,4.0,127.13,565.63,25.26,65.36,5.16,76,Excellent,True,0.14285714285714285
2025-12-02T22:10:05.550169,35.88,-8.4,89.04,553.05,19.85,37.84,4.03,81,Excellent,True,0.14285714285714285
2025-12-02T22:10:47.937606,-1.61,4.29,120.14,573.69,23.53,66.5,5.24,56,Fair,True,0.14285714285714285
2025-12-02T22:11:07.837048,36.41,-8.71,80.98,549.35,19.74,41.82,4.0,62,Good,True,0.14285714285714285
2025-12-02T22:11:50.246858,-2.22,4.79,116.35,557.79,24.62,69.96,5.43,50,Fair,True,0.14285714285714285
2025-12-02T22:12:10.120916,37.34,-9.39,90.97,560.11,19.03,40.5,4.13,53,Fair,True,0.14285714285714285
2025-12-02T22:12:52.697250,-2.99,4.24,108.85,574.61,26.24,69.79,5.42,67,Good,True,0.14285714285714285
2025-12-02T22:13:12.705130,36.0,-10.08,90.57,523.61,20.49,40.24,4.04,62,Good,True,0.14285714285714285
2025-12-02T22:13:54.958643,-1.66,4.96,106.71,582.01,27.58,68.75,5.53,65,Good,True,0.14285714285714285
2025-12-02T22:14:15.004204,37.23,-9.95,85.19,508.77,20.29,37.6,4.0,90,Excellent,True,0.14285714285714285
2025-12-02T22:14:57.255856,-1.1,4.44,97.8,606.96,26.7,69.19,5.69,76,Excellent,True,0.14285714285714285
2025-12-02T22:15:17.284253,36.13,-9.32,87.88,464.37,19.45,36.62,4.25,82,Excellent,True,0.14285714285714285
2025-12-02T22:15:59.506577,-0.85,4.68,91.84,653.48,28.23,67.6,8.0,63,Good,True,0.14285714285714285
2025-12-02T22:16:19.516195,34.31,-8.57,93.32,478.96,20.62,66.61,4.39,80,Excellent,True,0.14285714285714285
2025-12-02T22:17:02.156431,-0.77,4.39,99.34,700.47,26.82,67.73,8.23,64,Good,True,0.14285714285714285
2025-12-02T22:17:21.793594,33.82,-7.67,90.58,458.2,19.85,68.62,4.14,75,Excellent,True,0.14285714285714285
