timestamp,N,P,K,CO2,Temperature,Moisture,pH,health_index,health_status,is_anomalous,anomaly_score,critical_factors
2025-12-02T17:04:46.401159,23.94,2.67,158.9,505.27,23.45,75.45,7.29,45,Fair,True,0.06657142857142857,"[""Moisture""]"
2025-12-02T17:04:47.617596,23.91,17.22,146.45,518.43,21.39,58.97,7.16,56,Fair,False,0.0,[]
2025-12-02T17:05:48.488902,24.98,1.7,151.62,549.14,25.09,80,7.56,62,Good,True,0.09428571428571428,"[""Temperature"", ""Moisture"", ""pH""]"
2025-12-02T17:05:49.693418,23.55,17.19,156.42,525.39,19.64,59.52,6.96,64,Good,False,0.0,[]
2025-12-02T17:06:50.580149,26.84,1.29,148.77,536.64,25.6,75.09,7.54,70,Good,True,0.106,"[""Temperature"", ""Moisture"", ""pH""]"
2025-12-02T17:06:51.814887,24.03,17.62,150.86,490.68,19.82,58.34,6.93,70,Good,False,0.0,[]
2025-12-02T17:07:52.656542,26.28,1.15,145.54,525.53,25.97,74.57,7.43,50,Fair,True,0.11,"[""Temperature"", ""Moisture""]"
2025-12-02T17:07:53.891063,25.09,17.13,147.06,518.02,20.04,56.95,6.63,57,Fair,False,0.0,[]
2025-12-02T17:08:54.732814,24.28,1.64,140.03,535.57,24.33,69.94,7.48,31,Poor,True,0.096,"[""Moisture""]"
2025-12-02T17:08:55.984712,24.45,16.97,140.29,561.5,18.9,64.99,6.53,49,Fair,False,0.0,"[""Moisture""]"
2025-12-02T17:18:13.928595,23.57,18.46,147.55,505.24,20.61,53.89,7.23,72,Good,False,0.0,[]
2025-12-02T17:18:15.860557,22.74,17.82,144.57,453.58,20.64,53.52,7.28,62,Good,False,0.0,[]
2025-12-02T17:19:24.137193,22.95,18.92,159.19,521.82,21.04,55.37,7.03,74,Good,False,0.0,[]
2025-12-02T17:19:56.184517,21.21,18.91,140.32,539.31,20.72,53.53,7.21,67,Good,False,0.0,[]
2025-12-02T17:19:58.099989,23.34,18.63,156.27,507.65,23.28,54.36,7.37,50,Fair,False,0.0,[]
2025-12-02T17:20:58.288992,22.54,18.2,122.09,503.33,22.41,52.63,7.05,77,Excellent,False,0.0,[]
2025-12-02T17:21:00.215392,24.94,19.13,177.22,496.05,25.23,54.47,7.43,63,Good,False,0.0,"[""Temperature""]"
2025-12-02T17:25:32.613448,21.35,18.19,141.3,507.09,23.67,58.48,7.42,34,Poor,False,0.0,[]
2025-12-02T17:25:34.521137,21.57,18.39,141.99,531.67,23.55,55.1,7.49,35,Poor,False,0.0,[]
2025-12-02T17:26:34.697459,21.44,18.26,149.04,548.08,24.69,49.29,7.22,52,Fair,False,0.0,[]
2025-12-02T17:26:36.617526,20.71,17.82,151.82,495.55,25.24,66.72,7.68,89,Excellent,False,0.0,"[""Temperature"", ""Moisture"", ""pH""]"
2025-12-02T17:27:36.762372,21.47,18.72,152.34,584.75,24.09,49.03,7.03,57,Fair,False,0.0,[]
2025-12-02T17:27:38.739113,21.16,16.88,145.02,525.34,26.3,62.49,9.0,87,Excellent,True,0.017857142857142856,"[""Temperature"", ""Moisture"", ""pH""]"
2025-12-02T17:28:38.848032,21.49,19.51,143.89,545.62,22.59,53.06,6.77,56,Fair,False,0.0,[]
2025-12-02T17:28:40.818803,20.24,16.11,135.14,476.73,27.59,70.51,9.0,75,Excellent,True,0.017857142857142856,"[""Temperature"", ""Moisture"", ""pH""]"
2025-12-02T17:29:40.953139,20.76,19.91,141.57,547.45,20.98,56.49,6.49,67,Good,False,0.0,"[""pH""]"
2025-12-02T17:29:42.908092,20.47,16.95,133.71,505.27,27.47,74.89,8.95,73,Good,True,0.016964285714285703,"[""Temperature"", ""Moisture"", ""pH""]"
2025-12-02T17:30:43.014705,21.91,19.97,136.01,547.76,19.81,61.32,6.44,86,Excellent,False,0.0,"[""Moisture"", ""pH""]"
2025-12-02T17:30:44.986348,19.36,17.62,140.42,546.43,7.04,73.06,8.9,60,Good,True,0.04228571428571428,"[""Temperature"", ""Moisture"", ""pH""]"
2025-12-02T17:31:45.108499,20.81,20.02,134.36,579.42,19.05,58.51,6.65,36,Poor,False,0.0,[]
2025-12-02T17:31:47.084011,17.43,17.28,144.1,502.37,5.17,74.25,5.4,66,Good,True,0.06899999999999999,"[""Temperature"", ""Moisture"", ""pH""]"
2025-12-02T17:32:47.209133,21.6,20.8,132.6,611.87,19.29,56.34,6.71,50,Fair,False,0.0,"[""CO2""]"
2025-12-02T17:32:49.188209,15.69,17.76,143.56,477.98,5.75,77.37,5.46,59,Fair,True,0.060714285714285714,"[""Temperature"", ""Moisture"", ""pH""]"
2025-12-02T17:33:49.331613,-7.65,20.55,135.89,628.31,17.53,60.59,6.63,45,Fair,True,0.14285714285714285,"[""CO2"", ""Moisture""]"
2025-12-02T17:33:51.292667,14.19,18.45,148.95,470.27,5,76.1,5.57,58,Fair,True,0.07142857142857142,"[""Temperature"", ""Moisture"", ""pH""]"
2025-12-02T17:34:51.438346,-9.48,20.73,135.22,672.69,5,59.48,6.76,27,Critical,True,0.14285714285714285,"[""CO2"", ""Temperature""]"
2025-12-02T17:34:53.374946,12.95,17.5,152.16,514.2,20.24,80,5.57,67,Good,True,0.02040816326530612,"[""Moisture"", ""pH""]"
2025-12-02T17:35:53.516869,-10.92,19.75,133.7,650.35,5,60.09,6.66,47,Fair,True,0.14285714285714285,"[""CO2"", ""Temperature"", ""Moisture""]"
2025-12-02T17:35:55.477066,11.59,17.38,161.59,512.52,21.1,77.86,5.52,66,Good,True,0.01604081632653061,"[""Moisture"", ""pH""]"
2025-12-02T17:36:55.624445,-11.12,19.5,136.01,691.7,5,61.45,6.81,53,Fair,True,0.14285714285714285,"[""CO2"", ""Temperature"", ""Moisture""]"
2025-12-02T17:36:57.550097,12.4,16.85,170.15,497.37,23.05,80,5.67,56,Fair,True,0.02040816326530612,"[""Moisture"", ""pH""]"
2025-12-02T17:37:57.715535,-9.35,19.56,137.83,722.73,5,61.92,6.55,39,Poor,True,0.14285714285714285,"[""CO2"", ""Temperature"", ""Moisture""]"
2025-12-02T17:37:59.665505,13.38,16.54,171.14,457.69,22.15,80,5.57,52,Fair,True,0.02040816326530612,"[""Moisture"", ""pH""]"
2025-12-02T17:39:03.722116,-8.16,19.49,132.25,758.52,5,63.5,6.48,61,Good,True,0.14285714285714285,"[""CO2"", ""Temperature"", ""Moisture"", ""pH""]"
2025-12-02T17:39:05.538191,23.18,17.19,147.92,521.87,21.46,59.98,7.37,41,Poor,False,0.0,[]
2025-12-02T17:40:05.839551,-7.61,19.01,122.64,748.72,6.9,61.29,6.29,66,Good,True,0.14285714285714285,"[""CO2"", ""Temperature"", ""Moisture"", ""pH""]"
2025-12-02T17:40:07.635180,25.06,17.95,154.87,561.03,22.83,58.76,7.55,49,Fair,False,0.0,"[""pH""]"
2025-12-02T17:41:07.903214,-6.24,18.96,124.52,766.4,6.49,58.09,6.51,19,Critical,True,0.14285714285714285,"[""CO2"", ""Temperature""]"
2025-12-02T17:41:09.752755,23.68,18.95,157.86,515.1,24.3,55.44,7.83,60,Good,False,0.0,"[""pH""]"
2025-12-02T17:42:10.012165,-6.44,19.82,130.17,773.42,5.52,54.95,6.49,53,Fair,True,0.14285714285714285,"[""CO2"", ""Temperature"", ""pH""]"
2025-12-02T17:42:11.842550,22.06,18.8,157.31,513.92,25.37,50.9,7.54,94,Excellent,False,0.0,"[""Temperature"", ""pH""]"
2025-12-02T17:43:29.392035,-5.82,20.29,120.86,785.03,7.35,50.71,6.7,50,Fair,True,0.14285714285714285,"[""CO2"", ""Temperature""]"
2025-12-02T17:43:31.176056,21.37,17.65,150.0,477.06,21.09,55.9,7.0,73,Good,False,0.0,[]
2025-12-02T17:44:24.152580,-7.23,19.47,126.2,748.04,8.98,49.87,6.99,70,Good,True,0.14285714285714285,"[""CO2"", ""Temperature""]"
2025-12-02T17:44:33.259936,23.1,18.56,143.25,427.32,5,57.64,6.82,41,Poor,True,0.07142857142857142,"[""Temperature""]"
2025-12-02T17:44:48.510157,24.42,18.99,145.95,447.51,5,71.3,7.0,61,Good,True,0.07142857142857142,"[""Temperature"", ""Moisture""]"
2025-12-02T17:44:52.831638,25.42,19.01,140.03,402.0,6.11,75.33,7.19,37,Poor,True,0.05557142857142856,"[""Temperature"", ""Moisture""]"
2025-12-02T17:45:26.279765,-8.21,19.7,121.82,762.06,8.22,46.7,7.03,59,Fair,True,0.14285714285714285,"[""CO2"", ""Temperature""]"
2025-12-02T17:45:35.349024,21.37,18.48,141.73,381.58,6.02,58.18,7.08,42,Poor,True,0.05685714285714286,"[""CO2"", ""Temperature""]"
2025-12-02T17:46:28.329943,-10.14,19.46,126.16,748.76,9.01,43.94,6.77,42,Poor,True,0.14285714285714285,"[""CO2"", ""Temperature""]"
2025-12-02T17:46:37.445753,19.4,21.38,144.51,394.93,6.0,56.76,7.36,45,Fair,True,0.05714285714285715,"[""CO2"", ""Temperature""]"
2025-12-02T17:47:30.453200,-9.34,20.31,117.41,797.72,10.81,41.23,6.98,48,Fair,True,0.14285714285714285,"[""CO2"", ""Temperature""]"
2025-12-02T17:47:39.548054,19.37,29.35,144.81,389.57,5,61.23,7.45,50,Fair,True,0.07142857142857142,"[""CO2"", ""Temperature"", ""Moisture""]"
2025-12-02T17:48:32.556431,-7.6,19.95,125.26,838.68,10.33,42.34,7.22,40,Poor,True,0.14285714285714285,"[""CO2"", ""Temperature""]"
2025-12-02T17:48:41.672540,19.9,28.87,144.76,424.06,5.48,64.93,7.29,49,Fair,True,0.06457142857142857,"[""Temperature"", ""Moisture""]"
2025-12-02T17:49:34.688569,-7.12,20.25,130.48,849.16,10.8,39.42,7.07,68,Good,True,0.14285714285714285,"[""CO2"", ""Temperature"", ""Moisture""]"
2025-12-02T17:49:43.749389,18.83,29.36,139.42,449.5,6.83,64.87,7.36,53,Fair,True,0.04528571428571428,"[""Temperature"", ""Moisture""]"
2025-12-02T17:50:36.817724,-6.14,21.19,136.32,817.59,10.85,38.77,7.34,53,Fair,True,0.14285714285714285,"[""CO2"", ""Temperature"", ""Moisture""]"
2025-12-02T17:50:45.855741,18.3,29.74,148.23,403.69,6.08,60.94,7.29,51,Fair,True,0.056,"[""Temperature"", ""Moisture""]"
2025-12-02T17:51:38.933436,-6.29,21.62,130.42,807.76,8.96,43.27,7.36,33,Poor,True,0.14285714285714285,"[""CO2"", ""Temperature""]"
2025-12-02T17:51:47.948736,17.75,30.63,141.72,389.84,5,62.18,7.25,60,Good,True,0.07142857142857142,"[""CO2"", ""Temperature"", ""Moisture""]"
2025-12-02T17:52:41.021350,-7.06,21.64,126.34,846.84,9.35,39.37,7.15,62,Good,True,0.14285714285714285,"[""CO2"", ""Temperature"", ""Moisture""]"
2025-12-02T17:52:50.034655,15.91,30.38,133.48,350.97,5.72,67.02,7.44,33,Poor,True,0.06114285714285715,"[""CO2"", ""Temperature"", ""Moisture""]"
2025-12-02T17:53:43.106883,-5.65,21.73,118.5,839.62,10.98,51.37,7.21,58,Fair,True,0.14285714285714285,"[""CO2"", ""Temperature""]"
2025-12-02T17:53:52.192268,17.68,29.42,141.23,334.07,5.43,71.41,7.7,51,Fair,True,0.0652857142857143,"[""CO2"", ""Temperature"", ""Moisture"", ""pH""]"
2025-12-02T17:54:45.231250,-5.64,22.03,112.76,888.46,11.77,48.35,7.1,64,Good,True,0.14285714285714285,"[""CO2"", ""Temperature""]"
2025-12-02T17:54:54.292521,19.56,28.71,140.03,313.98,5.74,72.27,7.74,50,Fair,True,0.06085714285714285,"[""CO2"", ""Temperature"", ""Moisture"", ""pH""]"
2025-12-02T17:55:47.343146,-7.45,21.29,119.16,845.21,11.88,51.15,6.97,69,Good,True,0.14285714285714285,"[""CO2"", ""Temperature""]"
2025-12-02T17:55:56.405604,21.48,28.62,148.13,300,7.6,73.07,7.88,51,Fair,True,0.034285714285714294,"[""CO2"", ""Temperature"", ""Moisture"", ""pH""]"
2025-12-02T17:56:49.437030,-8.61,21.13,113.32,891.55,11.39,48.13,6.95,66,Good,True,0.14285714285714285,"[""CO2"", ""Temperature""]"
2025-12-02T17:56:58.559223,20.17,27.27,142.68,308.45,8.41,71.06,7.75,55,Fair,True,0.02271428571428571,"[""CO2"", ""Temperature"", ""Moisture"", ""pH""]"
2025-12-02T17:57:51.562935,-10.05,33.63,112.03,913.14,10.85,43.4,6.92,51,Fair,True,0.14285714285714285,"[""CO2"", ""Temperature""]"
2025-12-02T17:58:00.678745,20.33,26.72,135.28,319.78,6.66,70.99,8.04,52,Fair,True,0.04771428571428571,"[""CO2"", ""Temperature"", ""Moisture"", ""pH""]"
2025-12-02T17:58:53.668443,-9.15,33.75,115.79,904.73,12.43,40.72,7.11,44,Poor,True,0.14285714285714285,"[""CO2"", ""Temperature""]"
2025-12-02T17:59:02.771039,-4.03,25.92,160.0,303.23,5.44,72.01,7.8,50,Fair,True,0.14285714285714285,"[""CO2"", ""Temperature"", ""Moisture"", ""pH""]"
2025-12-02T17:59:55.803892,-10.03,32.87,106.74,910.76,11.52,42.55,7.11,48,Fair,True,0.14285714285714285,"[""CO2"", ""Temperature""]"
2025-12-02T18:00:04.875572,25.07,25.11,163.8,300,5,69.79,7.97,52,Fair,True,0.07142857142857142,"[""CO2"", ""Temperature"", ""Moisture"", ""pH""]"
2025-12-02T18:00:57.927424,-9.26,32.27,98.49,921.93,10.82,39.16,7.1,66,Good,True,0.14285714285714285,"[""CO2"", ""Temperature"", ""Moisture""]"
2025-12-02T18:01:07.000808,25.45,25.28,160.12,300,5.64,73.02,8.12,48,Fair,True,0.06228571428571429,"[""CO2"", ""Temperature"", ""Moisture"", ""pH""]"
2025-12-02T18:02:00.070890,-10.52,31.77,99.57,936.42,8.86,39.86,6.9,65,Good,True,0.14285714285714285,"[""CO2"", ""Temperature"", ""Moisture""]"
2025-12-02T18:02:09.177682,24.65,-4.45,150.6,349.33,5,72.65,8.31,48,Fair,True,0.14285714285714285,"[""CO2"", ""Temperature"", ""Moisture"", ""pH""]"
2025-12-02T18:03:02.188900,-8.98,32.63,93.29,952.5,9.27,42.31,6.64,31,Poor,True,0.14285714285714285,"[""CO2"", ""Temperature""]"
2025-12-02T18:03:11.309456,23.69,2.36,152.42,328.38,5,72.27,8.3,48,Fair,True,0.07542857142857143,"[""CO2"", ""Temperature"", ""Moisture"", ""pH""]"
2025-12-02T18:04:04.334607,-9.29,31.96,90.17,909.95,9.02,47.18,6.61,42,Poor,True,0.14285714285714285,"[""CO2"", ""Temperature""]"
2025-12-02T18:04:13.442900,24.47,3.15,142.57,318.85,5,74.52,8.12,45,Fair,True,0.07142857142857142,"[""CO2"", ""Temperature"", ""Moisture"", ""pH""]"
2025-12-02T18:05:06.450036,-7.6,31.39,90.75,908.35,9.66,43.57,6.89,48,Fair,True,0.14285714285714285,"[""CO2"", ""Temperature""]"
2025-12-02T18:05:15.563152,24.59,2.81,137.43,304.76,5.21,77.24,8.17,42,Poor,True,0.06842857142857142,"[""CO2"", ""Temperature"", ""Moisture"", ""pH""]"
2025-12-02T18:06:08.566680,-8.01,31.93,92.65,954.43,11.64,40.62,6.94,45,Fair,True,0.14285714285714285,"[""CO2"", ""Temperature""]"
2025-12-02T18:06:17.683452,24.5,3.33,132.13,300,5,72.24,8.36,48,Fair,True,0.07142857142857142,"[""CO2"", ""Temperature"", ""Moisture"", ""pH""]"
2025-12-02T18:07:10.702606,-9.11,31.6,84.59,969.17,10.05,37.97,6.83,60,Good,True,0.14285714285714285,"[""CO2"", ""Temperature"", ""Moisture""]"
2025-12-02T18:07:19.807419,22.69,3.15,138.45,336.22,5,68.52,8.24,53,Fair,True,0.07142857142857142,"[""CO2"", ""Temperature"", ""Moisture"", ""pH""]"
2025-12-02T18:08:12.826982,-8.57,30.62,86.39,966.74,5,47.25,7.02,57,Fair,True,0.14285714285714285,"[""CO2"", ""Temperature""]"
2025-12-02T18:08:21.929008,23.43,3.82,140.41,324.9,5.18,66.52,8.04,56,Fair,True,0.06885714285714287,"[""CO2"", ""Temperature"", ""Moisture"", ""pH""]"
2025-12-02T18:09:14.953282,-7.14,30.97,77.54,950.22,5,43.21,7.22,35,Poor,True,0.14285714285714285,"[""CO2"", ""Temperature""]"
2025-12-02T18:09:24.049293,24.83,3.87,144.06,303.71,5,61.82,7.99,63,Good,True,0.07142857142857142,"[""CO2"", ""Temperature"", ""Moisture"", ""pH""]"
2025-12-02T18:10:17.115593,-5.61,31.11,87.14,979.98,5,39.61,7.03,64,Good,True,0.14285714285714285,"[""CO2"", ""Temperature"", ""Moisture""]"
2025-12-02T18:10:26.184937,26.34,3.47,135.39,300,5.23,61.98,8.1,63,Good,True,0.06814285714285714,"[""CO2"", ""Temperature"", ""Moisture"", ""pH""]"
2025-12-02T18:11:19.244031,-5.72,31.28,86.67,998.89,6.24,35.21,6.93,57,Fair,True,0.14285714285714285,"[""CO2"", ""Temperature"", ""Moisture""]"
2025-12-02T18:11:28.326518,25.14,4.07,132.78,339.2,5,62.65,8.12,61,Good,True,0.07142857142857142,"[""CO2"", ""Temperature"", ""Moisture"", ""pH""]"
2025-12-02T18:12:21.368472,-5.95,32.07,81.5,971.78,7.47,38.85,6.77,55,Fair,True,0.14285714285714285,"[""CO2"", ""Temperature"", ""Moisture""]"
2025-12-02T18:12:30.462061,26.01,3.21,132.5,357.66,5,67.09,7.88,56,Fair,True,0.07142857142857142,"[""CO2"", ""Temperature"", ""Moisture"", ""pH""]"
2025-12-02T18:13:23.503039,-7.39,31.23,79.0,924.7,9.27,34.36,6.74,49,Fair,True,0.14285714285714285,"[""CO2"", ""Temperature"", ""Moisture""]"
2025-12-02T18:13:32.572025,27.52,3.37,135.12,347.11,5,62.84,8.1,61,Good,True,0.07142857142857142,"[""CO2"", ""Temperature"", ""Moisture"", ""pH""]"
2025-12-02T18:14:25.623111,-24.97,32.02,84.21,946.82,10.81,34.68,6.96,63,Good,True,0.14285714285714285,"[""CO2"", ""Temperature"", ""Moisture""]"
2025-12-02T18:14:34.713310,27.15,2.43,133.02,384.73,5.11,63.56,8.22,65,Good,True,0.07342857142857143,"[""CO2"", ""Temperature"", ""Moisture"", ""pH""]"
2025-12-02T18:15:27.771705,-25.43,32.46,87.32,929.63,11.7,30.55,7.04,59,Fair,True,0.14285714285714285,"[""CO2"", ""Temperature"", ""Moisture""]"
2025-12-02T18:15:36.854635,26.47,2.1,134.77,398.48,5,61.66,8.41,82,Excellent,True,0.08285714285714285,"[""CO2"", ""Temperature"", ""Moisture"", ""pH""]"
2025-12-02T18:16:29.883422,-25.31,32.63,83.76,978.31,8.44,26.93,7.16,44,Poor,True,0.14285714285714285,"[""CO2"", ""Temperature"", ""Moisture""]"
2025-12-02T18:16:38.958219,28.21,2.18,128.79,435.41,6.39,64.63,8.39,68,Good,True,0.08057142857142856,"[""Temperature"", ""Moisture"", ""pH""]"
2025-12-02T18:17:31.986726,-25.28,33.13,79.72,974.99,7.75,25.89,6.96,48,Fair,True,0.14285714285714285,"[""CO2"", ""Temperature"", ""Moisture""]"
2025-12-02T18:17:41.085706,28.2,2.79,132.95,425.78,8.24,66.49,8.62,65,Good,True,0.06314285714285714,"[""Temperature"", ""Moisture"", ""pH""]"
2025-12-02T18:18:34.103421,-23.83,33.36,80.32,1000,9.75,22.22,6.68,30,Poor,True,0.14285714285714285,"[""CO2"", ""Temperature"", ""Moisture""]"
2025-12-02T18:18:43.202564,29.25,2.07,139.28,398.35,7.07,70.78,8.74,72,Good,True,0.08371428571428573,"[""CO2"", ""Temperature"", ""Moisture"", ""pH""]"
2025-12-02T18:19:36.219740,-24.11,33.08,73.56,1000,10.11,24.78,6.72,36,Poor,True,0.14285714285714285,"[""CO2"", ""Temperature"", ""Moisture""]"
2025-12-02T18:19:45.373824,29.37,2.84,129.9,420.06,8.35,68.12,8.97,61,Good,True,0.06171428571428572,"[""Temperature"", ""Moisture"", ""pH""]"
2025-12-02T18:20:38.357659,-24.14,33.26,73.39,1000,9.77,22.94,6.57,25,Critical,True,0.14285714285714285,"[""CO2"", ""Temperature"", ""Moisture""]"
2025-12-02T18:20:47.510114,29.42,3.56,126.86,430.58,9.33,64.99,8.82,69,Good,True,0.04114285714285714,"[""Temperature"", ""Moisture"", ""pH""]"
2025-12-02T18:21:40.493905,-23.42,32.35,59.0,995.55,9.59,27.45,6.67,37,Poor,True,0.14285714285714285,"[""CO2"", ""Temperature"", ""Moisture""]"
2025-12-02T18:21:49.637777,28.02,3.33,121.5,415.05,9.98,69.69,4.0,59,Fair,True,0.04771428571428571,"[""Temperature"", ""Moisture"", ""pH""]"
2025-12-02T18:22:42.618919,-25.21,32.84,58.97,1000,11.49,31.44,6.67,44,Poor,True,0.14285714285714285,"[""CO2"", ""Temperature"", ""Moisture""]"
2025-12-02T18:22:51.733987,52.82,3.81,117.91,405.46,8.16,67.23,9.0,59,Fair,True,0.045785714285714284,"[""Temperature"", ""Moisture"", ""pH""]"
2025-12-02T18:23:44.757671,-23.73,32.64,62.26,975.39,11.0,28.43,6.79,46,Fair,True,0.14285714285714285,"[""CO2"", ""Temperature"", ""Moisture""]"
2025-12-02T18:23:53.856527,52.26,4.55,123.02,425.51,7.94,63.36,9.0,68,Good,True,0.043785714285714275,"[""Temperature"", ""Moisture"", ""pH""]"
2025-12-02T18:24:46.844179,-22.13,31.88,52.4,975.49,11.47,23.67,6.86,44,Poor,True,0.14285714285714285,"[""CO2"", ""Temperature"", ""Moisture""]"
2025-12-02T18:24:55.964903,53.24,4.34,113.73,402.77,9.56,61.62,8.79,68,Good,True,0.0472857142857143,"[""Temperature"", ""Moisture"", ""pH""]"
2025-12-02T18:25:48.979608,-21.76,32.06,48.22,989.94,8.79,20,6.74,29,Critical,True,0.14285714285714285,"[""CO2"", ""Temperature"", ""Moisture""]"
2025-12-02T18:25:58.052344,54.69,4.44,111.85,376.68,9.86,62.64,8.49,67,Good,True,0.052464285714285706,"[""CO2"", ""Temperature"", ""Moisture"", ""pH""]"
2025-12-02T18:26:51.064364,-21.62,32.28,51.04,1000,10.78,20,6.89,40,Poor,True,0.14285714285714285,"[""CO2"", ""Temperature"", ""Moisture""]"
2025-12-02T18:27:00.218143,54.3,4.4,114.86,406.81,8.84,62.66,8.71,67,Good,True,0.05107142857142856,"[""Temperature"", ""Moisture"", ""pH""]"
2025-12-02T18:27:53.223789,-20.66,32.71,56.92,995.4,10.79,20,4.0,42,Poor,True,0.14285714285714285,"[""CO2"", ""Temperature"", ""Moisture"", ""pH""]"
2025-12-02T18:28:02.345954,55.79,5.31,105.5,404.09,7.63,61.54,8.94,66,Good,True,0.05639285714285714,"[""Temperature"", ""Moisture"", ""pH""]"
2025-12-02T18:28:55.355156,-19.14,31.98,58.2,946.03,11.67,20,4.19,44,Poor,True,0.14285714285714285,"[""CO2"", ""Temperature"", ""Moisture"", ""pH""]"
2025-12-02T18:29:04.466230,54.73,20.46,110.18,404.48,5.97,62.16,8.86,63,Good,True,0.05757142857142857,"[""Temperature"", ""Moisture"", ""pH""]"
2025-12-02T18:29:57.453751,-18.99,31.97,51.92,923.22,13.48,20,9.0,47,Fair,True,0.14285714285714285,"[""CO2"", ""Temperature"", ""Moisture"", ""pH""]"
2025-12-02T18:30:06.580658,54.9,19.87,119.47,406.48,5,62.83,8.68,62,Good,True,0.07142857142857142,"[""Temperature"", ""Moisture"", ""pH""]"
2025-12-02T18:30:59.563918,-19.26,10.95,51.3,935.19,12.0,20,9.0,45,Fair,True,0.14285714285714285,"[""CO2"", ""Temperature"", ""Moisture"", ""pH""]"
2025-12-02T18:31:08.722009,54.31,18.93,116.4,409.85,5,59.59,8.85,40,Poor,True,0.07142857142857142,"[""Temperature"", ""pH""]"
2025-12-02T18:32:01.693436,-18.35,10.9,50.96,940.82,11.21,23.35,8.71,49,Fair,True,0.14285714285714285,"[""CO2"", ""Temperature"", ""Moisture"", ""pH""]"
2025-12-02T18:32:10.830666,53.36,19.58,90.74,418.36,5,56.07,9.0,51,Fair,True,0.07142857142857142,"[""Temperature"", ""pH""]"
2025-12-02T18:33:03.789715,-17.21,9.98,57.65,955.27,5,27.49,8.57,47,Fair,True,0.14285714285714285,"[""CO2"", ""Temperature"", ""Moisture"", ""pH""]"
2025-12-02T18:33:13.013454,53.81,19.68,94.5,445.13,5,51.33,9.0,70,Good,True,0.07142857142857142,"[""Temperature"", ""pH""]"
2025-12-02T18:34:05.917718,-18.25,24.19,51.85,930.99,27.13,20,8.65,47,Fair,True,0.14285714285714285,"[""CO2"", ""Temperature"", ""Moisture"", ""pH""]"
2025-12-02T18:34:15.148422,54.4,19.08,90.34,444.07,5,54.49,8.99,61,Good,True,0.07142857142857142,"[""Temperature"", ""pH""]"
2025-12-02T18:35:08.047553,-16.81,24.25,42.95,918.46,26.36,23.25,8.65,52,Fair,True,0.14285714285714285,"[""CO2"", ""Temperature"", ""Moisture"", ""pH""]"
2025-12-02T18:35:17.268215,55.95,18.24,86.25,472.46,6.29,50.25,8.83,80,Excellent,True,0.056964285714285724,"[""Temperature"", ""pH""]"
2025-12-02T18:36:10.181822,-18.37,-1.71,31.21,931.94,26.23,25.95,8.78,56,Fair,True,0.14285714285714285,"[""CO2"", ""Temperature"", ""Moisture"", ""pH""]"
2025-12-02T18:36:19.401157,57.88,17.78,76.62,470.72,5.08,47.27,8.67,72,Good,True,0.07028571428571428,"[""Temperature"", ""pH""]"
2025-12-02T18:37:12.344199,-17.81,-1.82,35.65,939.68,27.75,29.22,8.72,58,Fair,True,0.14285714285714285,"[""CO2"", ""Temperature"", ""Moisture"", ""pH""]"
2025-12-02T18:37:21.514890,58.35,17.67,79.81,482.05,22.52,50.11,8.72,81,Excellent,True,0.0655357142857143,"[""pH""]"
2025-12-02T18:38:14.480737,-16.57,-2.43,40.87,988.71,26.97,28.46,8.92,58,Fair,True,0.14285714285714285,"[""CO2"", ""Temperature"", ""Moisture"", ""pH""]"
2025-12-02T18:38:23.638956,60.33,18.25,74.0,511.28,22.39,50.09,8.45,84,Excellent,True,0.07260714285714286,"[""pH""]"
2025-12-02T18:39:16.612605,-16.64,-2.06,35.12,1000,26.64,24.4,8.8,53,Fair,True,0.14285714285714285,"[""CO2"", ""Temperature"", ""Moisture"", ""pH""]"
2025-12-02T18:39:25.744305,58.6,18.04,67.25,527.23,20.55,64.49,8.65,83,Excellent,True,0.06642857142857143,"[""Moisture"", ""pH""]"
2025-12-02T18:40:18.760727,-15.24,-2.65,39.36,966.44,27.04,22.32,8.66,50,Fair,True,0.14285714285714285,"[""CO2"", ""Temperature"", ""Moisture"", ""pH""]"
2025-12-02T18:40:27.838523,57.8,18.05,64.69,513.14,22.07,66.58,8.76,76,Excellent,True,0.06357142857142857,"[""Moisture"", ""pH""]"
2025-12-02T18:41:20.914454,-13.49,-3.0,40.99,941.77,27.23,20,8.62,47,Fair,True,0.14285714285714285,"[""CO2"", ""Temperature"", ""Moisture"", ""pH""]"
2025-12-02T18:41:29.964776,58.67,18.09,68.67,533.79,21.42,64.63,8.54,78,Excellent,True,0.06667857142857143,"[""Moisture"", ""pH""]"
2025-12-02T18:42:23.014250,-14.85,-3.45,37.8,917.5,26.4,22.46,8.84,51,Fair,True,0.14285714285714285,"[""CO2"", ""Temperature"", ""Moisture"", ""pH""]"
2025-12-02T18:42:32.092821,60.16,18.65,74.92,517.29,20.13,69.02,8.28,82,Excellent,True,0.07199999999999998,"[""Moisture"", ""pH""]"
2025-12-02T18:43:25.142930,-15.39,-3.28,34.2,910.76,28.28,20,8.79,45,Fair,True,0.14285714285714285,"[""CO2"", ""Temperature"", ""Moisture"", ""pH""]"
2025-12-02T18:43:34.213112,58.45,18.75,73.93,474.31,35,65.88,8.47,73,Good,True,0.06589285714285716,"[""Temperature"", ""Moisture"", ""pH""]"
2025-12-02T18:44:27.317417,-14.43,-3.93,27.6,941.86,27.7,20,8.92,46,Fair,True,0.14285714285714285,"[""CO2"", ""Temperature"", ""Moisture"", ""pH""]"
2025-12-02T18:44:36.313331,58.97,18.98,79.09,446.03,33.22,63.46,8.42,72,Good,True,0.06774999999999999,"[""Temperature"", ""Moisture"", ""pH""]"
2025-12-02T18:45:29.471271,-14.89,-4.63,21.47,941.25,28.89,23.66,9.0,49,Fair,True,0.14285714285714285,"[""CO2"", ""Temperature"", ""Moisture"", ""pH""]"
2025-12-02T18:45:38.407292,57.18,18.44,87.94,424.69,31.63,59.36,8.2,49,Fair,True,0.06135714285714285,"[""Temperature"", ""pH""]"
2025-12-02T18:46:31.610928,-16.44,-4.93,13.3,933.4,28.8,22.51,9.0,48,Fair,True,0.14285714285714285,"[""CO2"", ""Temperature"", ""Moisture"", ""pH""]"
2025-12-02T18:46:40.532352,58.22,19.1,91.1,388.92,32.6,55.48,8.04,63,Good,True,0.06507142857142857,"[""CO2"", ""Temperature"", ""pH""]"
2025-12-02T18:47:33.747223,-17.2,-4.6,18.46,907.77,28.59,20.81,9.0,46,Fair,True,0.14285714285714285,"[""CO2"", ""Temperature"", ""Moisture"", ""pH""]"
2025-12-02T18:47:42.620190,57.02,18.99,91.61,403.96,32.51,59.2,8.0,44,Poor,True,0.0607857142857143,"[""Temperature"", ""pH""]"
2025-12-02T18:48:35.849688,-19.17,-15.03,24.01,882.12,26.74,20,9.0,47,Fair,True,0.14285714285714285,"[""CO2"", ""Temperature"", ""Moisture"", ""pH""]"
2025-12-02T18:48:44.761196,55.48,19.18,93.36,374.35,32.37,61.28,7.97,67,Good,True,0.05528571428571427,"[""CO2"", ""Temperature"", ""Moisture"", ""pH""]"
2025-12-02T18:49:37.981617,-20.2,-15.73,17.01,890.34,28.72,20,9.0,44,Poor,True,0.14285714285714285,"[""CO2"", ""Temperature"", ""Moisture"", ""pH""]"
2025-12-02T18:49:46.893895,56.86,18.32,97.26,372.83,31.11,62.98,8.23,65,Good,True,0.06021428571428571,"[""CO2"", ""Temperature"", ""Moisture"", ""pH""]"
2025-12-02T18:50:40.135014,-18.89,-16.43,12.89,901.46,29.73,24.62,9.0,49,Fair,True,0.14285714285714285,"[""CO2"", ""Temperature"", ""Moisture"", ""pH""]"
2025-12-02T18:50:49.060845,58.15,19.11,93.28,349.97,30.71,63.4,8.12,66,Good,True,0.06482142857142857,"[""CO2"", ""Temperature"", ""Moisture"", ""pH""]"
2025-12-02T18:51:42.291871,-40.26,-16.53,17.38,895.47,28.76,20.53,8.84,45,Fair,True,0.14285714285714285,"[""CO2"", ""Temperature"", ""Moisture"", ""pH""]"
2025-12-02T18:51:51.199057,56.29,19.76,97.32,311.85,32.52,63.73,7.98,63,Good,True,0.05817857142857143,"[""CO2"", ""Temperature"", ""Moisture"", ""pH""]"
2025-12-02T18:52:44.445121,-41.34,-15.96,19.65,858.74,27.61,20,8.86,46,Fair,True,0.14285714285714285,"[""CO2"", ""Temperature"", ""Moisture"", ""pH""]"
2025-12-02T18:52:53.294978,54.56,19.88,104.5,350.73,6.02,62.68,4.0,60,Good,True,0.05685714285714286,"[""CO2"", ""Temperature"", ""Moisture"", ""pH""]"
2025-12-02T18:53:46.546970,-41.84,-15.11,22.08,837.58,28.57,23.29,8.89,49,Fair,True,0.14285714285714285,"[""CO2"", ""Temperature"", ""Moisture"", ""pH""]"
2025-12-02T18:53:55.425085,53.69,20.54,107.6,338.73,6.8,62.17,4.0,62,Good,True,0.048892857142857134,"[""CO2"", ""Temperature"", ""Moisture"", ""pH""]"
2025-12-02T18:54:48.689350,-41.42,-14.73,16.71,835.81,30.21,26.71,9.0,52,Fair,True,0.14285714285714285,"[""CO2"", ""Temperature"", ""Moisture"", ""pH""]"
2025-12-02T18:54:57.543764,52.9,21.05,103.46,329.52,8.43,62.02,4.07,64,Good,True,0.04607142857142856,"[""CO2"", ""Temperature"", ""Moisture"", ""pH""]"
2025-12-02T18:55:50.806655,-40.74,-15.68,16.33,793.49,32.18,56.4,8.71,50,Fair,True,0.14285714285714285,"[""CO2"", ""Temperature"", ""pH""]"
2025-12-02T18:55:59.688093,54.04,20.06,101.13,379.0,8.85,61.81,4.18,65,Good,True,0.05014285714285714,"[""CO2"", ""Temperature"", ""Moisture"", ""pH""]"
2025-12-02T18:56:52.936973,-40.89,-15.38,6.88,747.34,33.34,55.75,9.0,50,Fair,True,0.14285714285714285,"[""CO2"", ""Temperature"", ""pH""]"
2025-12-02T18:57:01.831585,53.68,20.89,102.04,383.94,10.75,64.55,4.0,67,Good,True,0.048857142857142856,"[""CO2"", ""Temperature"", ""Moisture"", ""pH""]"
2025-12-02T18:57:55.090250,-41.91,-15.74,3.69,755.64,31.73,52.38,8.74,62,Good,True,0.14285714285714285,"[""CO2"", ""Temperature"", ""pH""]"
2025-12-02T18:58:03.966729,52.64,20.16,111.82,384.7,12.45,65.98,4.0,68,Good,True,0.045142857142857144,"[""CO2"", ""Temperature"", ""Moisture"", ""pH""]"
2025-12-02T18:58:57.233719,-41.48,-15.65,-4.96,758.16,31.49,56.96,8.49,50,Fair,True,0.14285714285714285,"[""CO2"", ""Temperature"", ""pH""]"
2025-12-02T18:59:06.090412,51.86,19.73,111.13,383.94,10.78,62.7,4.11,70,Good,True,0.04235714285714286,"[""CO2"", ""Temperature"", ""Moisture"", ""pH""]"
2025-12-02T18:59:59.353475,-39.6,-15.9,-1.31,719.11,32.92,56.95,8.4,48,Fair,True,0.14285714285714285,"[""CO2"", ""Temperature"", ""pH""]"
2025-12-02T19:00:08.226177,52.61,19.71,117.57,366.02,12.73,62.35,4.27,69,Good,True,0.04503571428571428,"[""CO2"", ""Temperature"", ""Moisture"", ""pH""]"
2025-12-02T19:01:01.441173,-38.98,-2.61,-19.83,694.75,31.32,56.59,8.31,51,Fair,True,0.14285714285714285,"[""CO2"", ""Temperature"", ""pH""]"
2025-12-02T19:01:10.388290,51.83,20.08,124.58,361.27,5,65.94,4.39,55,Fair,True,0.07142857142857142,"[""CO2"", ""Temperature"", ""Moisture"", ""pH""]"
2025-12-02T19:02:03.570859,-40.22,-2.08,-11.09,673.12,33.09,61.48,9.0,64,Good,True,0.14285714285714285,"[""CO2"", ""Temperature"", ""Moisture"", ""pH""]"
2025-12-02T19:02:12.502570,51.48,19.36,124.83,314.1,5.17,39.47,4.64,63,Good,True,0.06899999999999999,"[""CO2"", ""Temperature"", ""Moisture"", ""pH""]"
2025-12-02T19:03:05.685335,-41.27,-2.72,-5.11,657.61,32.77,63.37,9.0,62,Good,True,0.14285714285714285,"[""CO2"", ""Temperature"", ""Moisture"", ""pH""]"
2025-12-02T19:03:14.636346,49.64,19.49,122.92,319.85,5,40.95,4.57,39,Poor,True,0.07142857142857142,"[""CO2"", ""Temperature"", ""pH""]"
2025-12-02T19:04:07.825465,-41.03,-2.29,-9.29,702.5,5.78,60.43,8.93,64,Good,True,0.14285714285714285,"[""CO2"", ""Temperature"", ""Moisture"", ""pH""]"
2025-12-02T19:04:16.773082,51.01,6.22,124.67,367.52,5,42.77,4.6,44,Poor,True,0.07142857142857142,"[""CO2"", ""Temperature"", ""pH""]"
2025-12-02T19:05:09.958365,-34.23,-3.15,-16.65,666.67,16.69,65.33,9.0,53,Fair,True,0.14285714285714285,"[""CO2"", ""Moisture"", ""pH""]"
2025-12-02T19:05:18.884720,49.32,7.17,131.83,349.69,5,44.15,4.61,47,Fair,True,0.07142857142857142,"[""CO2"", ""Temperature"", ""pH""]"
2025-12-02T19:06:12.072178,-35.54,-3.74,-23.79,666.13,17.11,68.84,8.96,50,Fair,True,0.14285714285714285,"[""CO2"", ""Moisture"", ""pH""]"
2025-12-02T19:06:21.009594,49.8,8.09,127.52,327.52,5,44.47,4.58,48,Fair,True,0.07142857142857142,"[""CO2"", ""Temperature"", ""pH""]"
2025-12-02T19:07:14.210252,-35.91,-4.24,-29.27,663.24,17.12,71.52,8.77,47,Fair,True,0.14285714285714285,"[""CO2"", ""Moisture"", ""pH""]"
2025-12-02T19:07:23.155275,68.3,7.5,125.36,363.79,6.19,44.08,4.72,49,Fair,True,0.10107142857142856,"[""CO2"", ""Temperature"", ""pH""]"
2025-12-02T19:08:16.304327,-35.72,-3.56,-22.15,708.34,17.8,67.43,8.78,55,Fair,True,0.14285714285714285,"[""CO2"", ""Moisture"", ""pH""]"
2025-12-02T19:08:25.277546,67.1,8.23,125.24,342.1,5,46.3,4.45,53,Fair,True,0.09678571428571427,"[""CO2"", ""Temperature"", ""pH""]"
2025-12-02T19:09:18.418212,-37.34,-3.61,-22.61,726.32,18.72,80,8.99,43,Poor,True,0.14285714285714285,"[""CO2"", ""Moisture"", ""pH""]"
2025-12-02T19:09:27.424791,65.88,7.59,124.36,358.36,34.18,51.16,9.0,62,Good,True,0.09242857142857142,"[""CO2"", ""Temperature"", ""pH""]"
2025-12-02T19:10:20.546098,-36.24,-3.09,-27.13,743.02,17.46,80,8.69,37,Poor,True,0.14285714285714285,"[""CO2"", ""Moisture"", ""pH""]"
2025-12-02T19:10:29.496082,64.41,8.43,114.47,309.61,33.6,46.42,8.9,56,Fair,True,0.08717857142857142,"[""CO2"", ""Temperature"", ""pH""]"
2025-12-02T19:11:22.660528,-37.39,-3.24,-31.9,715.95,19.01,80,8.92,44,Poor,True,0.14285714285714285,"[""CO2"", ""Moisture"", ""pH""]"
2025-12-02T19:11:31.649099,65.12,24.06,111.31,300,34.23,48.29,9.0,60,Good,True,0.08971428571428573,"[""CO2"", ""Temperature"", ""pH""]"
2025-12-02T19:12:24.787606,-36.56,-2.73,-37.98,759.57,20.98,80,8.63,45,Fair,True,0.14285714285714285,"[""CO2"", ""Moisture"", ""pH""]"
2025-12-02T19:12:33.798190,64.51,23.81,106.34,300,35,48.01,8.86,58,Fair,True,0.0875357142857143,"[""CO2"", ""Temperature"", ""pH""]"
2025-12-02T19:13:26.931030,-35.83,-2.08,-34.54,788.74,19.01,75.79,8.86,50,Fair,True,0.14285714285714285,"[""CO2"", ""Moisture"", ""pH""]"
2025-12-02T19:13:35.894282,64.16,23.99,96.78,321.33,33.07,47.56,9.0,59,Fair,True,0.08628571428571427,"[""CO2"", ""Temperature"", ""pH""]"
2025-12-02T19:14:29.087967,-35.67,-1.21,-41.78,746.21,19.08,76.54,8.83,49,Fair,True,0.14285714285714285,"[""CO2"", ""Moisture"", ""pH""]"
2025-12-02T19:14:38.009184,62.2,24.7,119.41,332.29,34.2,43.9,9.0,48,Fair,True,0.07928571428571429,"[""CO2"", ""Temperature"", ""pH""]"
2025-12-02T19:15:31.213066,-35.03,-0.91,-49.09,703.43,19.72,71.91,8.9,59,Fair,True,0.14285714285714285,"[""CO2"", ""Moisture"", ""pH""]"
2025-12-02T19:15:40.135216,62.44,25.11,134.34,329.28,32.4,45.61,8.77,55,Fair,True,0.08014285714285714,"[""CO2"", ""Temperature"", ""pH""]"
2025-12-02T19:16:33.358124,-35.76,-1.14,-51.78,694.4,21.46,68.58,9.0,57,Fair,True,0.14285714285714285,"[""CO2"", ""Moisture"", ""pH""]"
2025-12-02T19:16:42.277689,63.62,25.95,134.58,304.42,31.51,48.0,8.96,63,Good,True,0.08435714285714284,"[""CO2"", ""Temperature"", ""pH""]"
2025-12-02T19:17:35.470538,-35.78,-0.69,-52.85,716.89,20.95,70.57,8.96,57,Fair,True,0.14285714285714285,"[""CO2"", ""Moisture"", ""pH""]"
2025-12-02T19:17:44.360218,61.99,25.66,125.46,300,29.73,47.71,9.0,64,Good,True,0.07853571428571429,"[""CO2"", ""Temperature"", ""pH""]"
2025-12-02T19:18:37.583589,-34.09,-0.53,-60.44,686.23,21.95,66.94,8.97,57,Fair,True,0.14285714285714285,"[""CO2"", ""Moisture"", ""pH""]"
2025-12-02T19:18:46.483323,62.37,25.67,130.13,332.24,28.06,45.28,8.71,60,Good,True,0.07989285714285713,"[""CO2"", ""Temperature"", ""pH""]"
2025-12-02T19:19:39.697320,-34.21,-1.41,-55.49,719.96,21.62,65.14,9.0,61,Good,True,0.14285714285714285,"[""CO2"", ""Moisture"", ""pH""]"
2025-12-02T19:19:48.598450,61.33,26.57,127.78,349.28,29.96,46.15,8.63,60,Good,True,0.07617857142857143,"[""CO2"", ""Temperature"", ""pH""]"
2025-12-02T19:20:41.819949,-32.88,-1.31,-50.18,714.76,23.15,67.72,9.0,50,Fair,True,0.14285714285714285,"[""CO2"", ""Moisture"", ""pH""]"
2025-12-02T19:20:50.753977,62.28,25.74,131.46,323.66,31.61,49.05,8.46,66,Good,True,0.07957142857142858,"[""CO2"", ""Temperature"", ""pH""]"
2025-12-02T19:21:43.992656,-33.82,0.54,-59.91,705.35,21.6,65.69,9.0,60,Good,True,0.14285714285714285,"[""CO2"", ""Moisture"", ""pH""]"
2025-12-02T19:21:52.839134,60.37,25.98,134.37,371.24,32.09,50.15,8.27,68,Good,True,0.07275,"[""CO2"", ""Temperature"", ""pH""]"
2025-12-02T19:22:46.113333,-35.44,1.05,-59.94,713.11,20.54,61.32,9.0,71,Good,True,0.14285714285714285,"[""CO2"", ""Moisture"", ""pH""]"
2025-12-02T19:22:54.978016,60.91,26.53,131.6,348.7,30.4,54.47,8.4,58,Fair,True,0.07467857142857141,"[""CO2"", ""Temperature"", ""pH""]"
2025-12-02T19:23:48.226511,-33.65,0.38,-66.24,726.42,21.3,59.68,8.71,44,Poor,True,0.14285714285714285,"[""CO2"", ""pH""]"
2025-12-02T19:23:57.108377,62.51,26.59,128.94,354.32,30.22,56.19,8.39,54,Fair,True,0.08039285714285714,"[""CO2"", ""Temperature"", ""pH""]"
2025-12-02T19:24:50.358570,-33.43,1.0,-64.97,775.95,21.86,61.42,8.97,65,Good,True,0.14285714285714285,"[""CO2"", ""Moisture"", ""pH""]"
2025-12-02T19:24:59.260137,61.92,26.61,126.63,304.78,31.92,58.13,8.39,46,Fair,True,0.07828571428571429,"[""CO2"", ""Temperature"", ""pH""]"
2025-12-02T19:25:52.470357,-33.66,0.44,-69.25,816.61,23.07,62.67,9.0,57,Fair,True,0.14285714285714285,"[""CO2"", ""Moisture"", ""pH""]"
2025-12-02T19:26:01.435584,60.14,26.16,128.53,305.09,30.12,80,8.46,43,Poor,True,0.07192857142857144,"[""CO2"", ""Temperature"", ""Moisture"", ""pH""]"
2025-12-02T19:26:54.569477,-33.71,1.05,-73.01,855.81,21.3,65.91,8.94,62,Good,True,0.14285714285714285,"[""CO2"", ""Moisture"", ""pH""]"
2025-12-02T19:27:03.525839,61.7,25.92,129.49,300,30.57,80,8.24,43,Poor,True,0.07750000000000001,"[""CO2"", ""Temperature"", ""Moisture"", ""pH""]"
2025-12-02T19:27:56.726166,-33.51,1.81,-73.47,860.94,19.65,66.88,8.78,65,Good,True,0.14285714285714285,"[""CO2"", ""Moisture"", ""pH""]"
2025-12-02T19:28:05.660633,62.98,26.61,127.81,300,31.3,80,8.53,42,Poor,True,0.08207142857142856,"[""CO2"", ""Temperature"", ""Moisture"", ""pH""]"
2025-12-02T19:28:58.839443,-31.78,0.94,-68.9,862.94,19.92,69.65,8.97,62,Good,True,0.14285714285714285,"[""CO2"", ""Moisture"", ""pH""]"
2025-12-02T19:29:07.769539,61.52,27.51,135.03,305.68,29.38,77.99,8.62,47,Fair,True,0.07685714285714286,"[""CO2"", ""Temperature"", ""Moisture"", ""pH""]"
2025-12-02T19:30:00.938626,-31.47,0.78,-70.19,884.67,20.25,66.72,9.0,66,Good,True,0.14285714285714285,"[""CO2"", ""Moisture"", ""pH""]"
2025-12-02T19:30:09.899794,63.46,28.51,135.09,300,28.32,67.82,8.64,62,Good,True,0.08378571428571428,"[""CO2"", ""Temperature"", ""Moisture"", ""pH""]"
2025-12-02T19:31:03.043814,-31.39,-0.1,-76.24,840.62,22.04,65.84,8.99,58,Fair,True,0.14285714285714285,"[""CO2"", ""Moisture"", ""pH""]"
2025-12-02T19:31:12.016570,62.03,29.33,137.02,322.76,26.73,67.59,8.46,64,Good,True,0.07867857142857144,"[""CO2"", ""Temperature"", ""Moisture"", ""pH""]"
2025-12-02T19:32:05.156706,-33.32,-3.44,-85.6,853.13,22.47,65.26,9.0,57,Fair,True,0.14285714285714285,"[""CO2"", ""Moisture"", ""pH""]"
2025-12-02T19:32:14.165817,62.95,29.22,133.6,344.04,25.63,66.34,8.36,67,Good,True,0.08196428571428573,"[""CO2"", ""Temperature"", ""Moisture"", ""pH""]"
2025-12-02T19:33:07.263594,-35.02,-2.69,-76.72,880.5,21.4,62.52,7.63,67,Good,True,0.14285714285714285,"[""CO2"", ""Moisture"", ""pH""]"
2025-12-02T19:33:16.283531,63.08,30.1,129.35,389.69,26.69,68.6,8.16,74,Good,True,0.08242857142857142,"[""CO2"", ""Temperature"", ""Moisture"", ""pH""]"
2025-12-02T19:34:09.404931,-36.48,-3.45,-85.6,844.78,21.16,65.46,7.78,64,Good,True,0.14285714285714285,"[""CO2"", ""Moisture"", ""pH""]"
2025-12-02T19:34:18.416284,63.33,29.24,135.72,377.15,26.51,69.1,7.93,63,Good,True,0.08332142857142856,"[""CO2"", ""Temperature"", ""Moisture"", ""pH""]"
2025-12-02T19:35:11.513703,-35.45,-4.07,-86.01,842.01,21.02,68.07,7.61,62,Good,True,0.14285714285714285,"[""CO2"", ""Moisture"", ""pH""]"
2025-12-02T19:35:20.512925,62.3,28.42,135.49,362.08,25.63,70.16,8.03,63,Good,True,0.07964285714285713,"[""CO2"", ""Temperature"", ""Moisture"", ""pH""]"
2025-12-02T19:36:13.616746,-36.3,-4.35,-81.43,815.89,20.85,63.48,7.44,45,Fair,True,0.14285714285714285,"[""CO2"", ""Moisture""]"
2025-12-02T19:36:22.595748,64.21,27.67,142.41,329.17,24.42,66.28,7.82,47,Fair,True,0.08646428571428569,"[""CO2"", ""Moisture"", ""pH""]"
2025-12-02T19:37:15.688147,-34.5,-3.83,-78.71,789.3,22.36,58.84,7.66,42,Poor,True,0.14285714285714285,"[""CO2"", ""pH""]"
2025-12-02T19:37:24.698929,64.41,28.33,140.08,373.53,25.46,67.27,7.93,67,Good,True,0.08717857142857142,"[""CO2"", ""Temperature"", ""Moisture"", ""pH""]"
2025-12-02T19:38:17.764249,-32.95,-3.03,-88.29,835.43,23.06,60.39,4.0,59,Fair,True,0.14285714285714285,"[""CO2"", ""Moisture"", ""pH""]"
2025-12-02T19:38:26.797497,64.47,28.16,146.27,422.9,23.81,69.66,7.71,51,Fair,True,0.08739285714285715,"[""Moisture"", ""pH""]"
2025-12-02T19:39:19.864395,-33.87,-3.51,-87.96,862.4,22.74,62.28,4.0,58,Fair,True,0.14285714285714285,"[""CO2"", ""Moisture"", ""pH""]"
2025-12-02T19:39:28.894292,63.54,29.1,138.73,403.85,24.58,69.34,7.85,43,Poor,True,0.08407142857142857,"[""Moisture"", ""pH""]"
2025-12-02T19:40:21.995612,-35.26,-2.76,-82.44,825.75,23.28,63.21,4.05,54,Fair,True,0.14285714285714285,"[""CO2"", ""Moisture"", ""pH""]"
2025-12-02T19:40:31.015212,61.81,29.42,142.88,400.46,25.01,68.39,7.56,67,Good,True,0.07789285714285714,"[""Temperature"", ""Moisture"", ""pH""]"
2025-12-02T19:41:24.072382,-33.42,-3.29,-85.08,786.86,23.25,63.5,4.19,54,Fair,True,0.14285714285714285,"[""CO2"", ""Moisture"", ""pH""]"
2025-12-02T19:41:33.119197,60.68,28.89,145.48,404.95,25.5,66.21,7.49,43,Poor,True,0.07385714285714286,"[""Temperature"", ""Moisture""]"
2025-12-02T19:42:26.162775,-34.7,-2.71,-89.61,752.87,23.0,67.97,4.0,49,Fair,True,0.14285714285714285,"[""CO2"", ""Moisture"", ""pH""]"
2025-12-02T19:42:35.215978,61.93,28.15,150.68,407.92,23.68,64.2,7.35,37,Poor,True,0.07832142857142857,"[""Moisture""]"
2025-12-02T19:43:28.274536,-33.6,-3.33,-99.49,707.28,22.14,64.37,9.0,60,Good,True,0.14285714285714285,"[""CO2"", ""Moisture"", ""pH""]"
2025-12-02T19:43:37.319402,61.2,28.18,151.84,415.59,24.08,65.16,7.57,54,Fair,True,0.07571428571428572,"[""Moisture"", ""pH""]"
2025-12-02T19:44:30.378164,-32.08,-4.33,-98.68,664.74,23.04,63.77,8.8,56,Fair,True,0.14285714285714285,"[""CO2"", ""Moisture"", ""pH""]"
2025-12-02T19:44:39.444577,63.18,28.74,146.31,372.93,22.32,63.4,7.69,62,Good,True,0.08278571428571428,"[""CO2"", ""Moisture"", ""pH""]"
2025-12-02T19:45:32.481251,-32.49,-16.9,-89.81,696.86,35,68.03,8.51,54,Fair,True,0.14285714285714285,"[""CO2"", ""Temperature"", ""Moisture"", ""pH""]"
2025-12-02T19:45:41.555177,63.17,28.74,137.86,400.52,20.77,66.79,7.94,64,Good,True,0.08275,"[""Moisture"", ""pH""]"
2025-12-02T19:46:34.593115,-33.11,-17.38,-82.76,717.68,33.19,66.3,8.29,58,Fair,True,0.14285714285714285,"[""CO2"", ""Temperature"", ""Moisture"", ""pH""]"
2025-12-02T19:46:43.673166,63.33,29.17,128.06,365.67,22.29,66.16,7.82,58,Fair,True,0.08332142857142856,"[""CO2"", ""Moisture"", ""pH""]"
2025-12-02T19:47:36.704133,-31.48,-16.89,-74.25,690.79,34.0,66.87,8.07,57,Fair,True,0.14285714285714285,"[""CO2"", ""Temperature"", ""Moisture"", ""pH""]"
2025-12-02T19:47:45.740914,64.94,30.11,129.08,363.3,35,63.87,7.52,60,Good,True,0.08907142857142857,"[""CO2"", ""Temperature"", ""Moisture"", ""pH""]"
2025-12-02T19:48:38.776008,-31.14,-16.82,-77.55,700.03,33.49,69.04,7.88,55,Fair,True,0.14285714285714285,"[""CO2"", ""Temperature"", ""Moisture"", ""pH""]"
2025-12-02T19:48:47.842389,63.12,30.88,137.11,369.28,33.2,61.35,7.62,66,Good,True,0.08257142857142856,"[""CO2"", ""Temperature"", ""Moisture"", ""pH""]"
2025-12-02T19:49:40.881186,-7.98,-16.76,-79.95,727.64,33.92,70.64,8.13,52,Fair,True,0.14285714285714285,"[""CO2"", ""Temperature"", ""Moisture"", ""pH""]"
2025-12-02T19:49:49.952742,61.78,30.72,143.82,350.66,33.29,64.83,4.0,58,Fair,True,0.07778571428571428,"[""CO2"", ""Temperature"", ""Moisture"", ""pH""]"
2025-12-02T19:50:42.992941,-7.34,-17.06,-80.43,747.34,35,75.16,9.0,43,Poor,True,0.14285714285714285,"[""CO2"", ""Temperature"", ""Moisture"", ""pH""]"
2025-12-02T19:50:52.104964,60.71,31.63,139.62,388.55,33.85,61.96,4.28,71,Good,True,0.07396428571428572,"[""CO2"", ""Temperature"", ""Moisture"", ""pH""]"
2025-12-02T19:51:45.111519,-9.1,-16.32,-77.05,740.25,35,71.35,8.72,49,Fair,True,0.14285714285714285,"[""CO2"", ""Temperature"", ""Moisture"", ""pH""]"
2025-12-02T19:51:54.210944,58.85,32.38,145.67,427.9,33.43,63.18,4.41,67,Good,True,0.06732142857142857,"[""Temperature"", ""Moisture"", ""pH""]"
2025-12-02T19:52:47.198590,-9.92,-15.5,-79.34,702.89,33.78,68.48,9.0,54,Fair,True,0.14285714285714285,"[""CO2"", ""Temperature"", ""Moisture"", ""pH""]"
2025-12-02T19:52:56.284442,57.09,10.6,139.36,464.74,32.78,59.35,4.29,54,Fair,True,0.0610357142857143,"[""Temperature"", ""pH""]"
2025-12-02T19:53:49.319829,-8.09,-14.91,-75.01,699.92,35,67.4,8.89,54,Fair,True,0.14285714285714285,"[""CO2"", ""Temperature"", ""Moisture"", ""pH""]"
2025-12-02T19:53:58.388511,58.12,10.33,135.72,468.28,34.25,56.16,4.47,62,Good,True,0.06471428571428571,"[""Temperature"", ""pH""]"
2025-12-02T19:54:51.433206,-7.73,-15.04,-72.43,667.83,34.29,65.12,8.61,58,Fair,True,0.14285714285714285,"[""CO2"", ""Temperature"", ""Moisture"", ""pH""]"
2025-12-02T19:55:00.523204,59.8,9.55,127.84,428.44,34.98,34.76,4.36,62,Good,True,0.0707142857142857,"[""Temperature"", ""Moisture"", ""pH""]"
2025-12-02T19:55:53.546098,-5.74,-14.44,-69.78,684.97,33.85,62.37,8.55,62,Good,True,0.14285714285714285,"[""CO2"", ""Temperature"", ""Moisture"", ""pH""]"
2025-12-02T19:56:02.624873,55.16,9.02,136.55,389.22,33.24,38.51,4.53,73,Good,True,0.054142857142857125,"[""CO2"", ""Temperature"", ""Moisture"", ""pH""]"
2025-12-02T19:56:55.642360,-6.86,-13.64,-76.57,667.41,35,66.1,8.48,56,Fair,True,0.14285714285714285,"[""CO2"", ""Temperature"", ""Moisture"", ""pH""]"
2025-12-02T19:57:04.729439,55.27,9.44,138.46,418.47,34.9,38.61,4.27,65,Good,True,0.0545357142857143,"[""Temperature"", ""Moisture"", ""pH""]"
2025-12-02T19:57:57.710915,-8.36,-13.82,-84.14,706.34,34.79,63.13,8.23,61,Good,True,0.14285714285714285,"[""CO2"", ""Temperature"", ""Moisture"", ""pH""]"
2025-12-02T19:58:06.801386,56.39,9.67,135.89,453.17,34.66,42.05,4.04,53,Fair,True,0.05853571428571429,"[""Temperature"", ""pH""]"
2025-12-02T19:58:59.823180,-26.51,-13.31,-91.58,682.14,34.1,68.05,8.33,55,Fair,True,0.14285714285714285,"[""CO2"", ""Temperature"", ""Moisture"", ""pH""]"
2025-12-02T19:59:08.939103,55.93,9.89,137.73,496.34,33.92,41.58,4.05,62,Good,True,0.05689285714285714,"[""Temperature"", ""pH""]"
2025-12-02T20:00:01.919659,-26.1,-13.42,-100.85,667.48,32.56,59.95,8.37,41,Poor,True,0.14285714285714285,"[""CO2"", ""Temperature"", ""pH""]"
2025-12-02T20:00:11.063191,54.33,10.71,137.64,516.78,35,43.98,4.0,64,Good,True,0.05117857142857142,"[""Temperature"", ""pH""]"
2025-12-02T20:01:04.017379,-25.54,-13.44,-98.92,685.35,33.37,63.17,4.0,60,Good,True,0.14285714285714285,"[""CO2"", ""Temperature"", ""Moisture"", ""pH""]"
2025-12-02T20:01:13.199650,54.21,11.2,143.28,474.74,35,39.22,4.12,78,Excellent,True,0.05075,"[""Temperature"", ""Moisture"", ""pH""]"
2025-12-02T20:02:06.091430,-27.11,-13.99,-99.71,642.0,35,58.57,4.0,39,Poor,True,0.14285714285714285,"[""CO2"", ""Temperature"", ""pH""]"
2025-12-02T20:02:15.326590,55.52,10.44,145.54,519.26,35,37.99,4.0,77,Excellent,True,0.05542857142857144,"[""Temperature"", ""Moisture"", ""pH""]"
2025-12-02T20:03:08.185937,-27.23,-13.62,-99.58,597.73,35,54.23,4.18,52,Fair,True,0.14285714285714285,"[""Temperature"", ""pH""]"
2025-12-02T20:03:17.436249,55.65,9.53,145.52,512.83,35,39.43,4.25,81,Excellent,True,0.05589285714285714,"[""Temperature"", ""Moisture"", ""pH""]"
2025-12-02T20:04:10.309999,-28.1,-12.98,-105.19,560.82,35,26.7,4.0,53,Fair,True,0.14285714285714285,"[""Temperature"", ""Moisture"", ""pH""]"
2025-12-02T20:04:19.577272,56.61,9.16,136.65,532.09,35,38.74,4.19,76,Excellent,True,0.059321428571428574,"[""Temperature"", ""Moisture"", ""pH""]"
2025-12-02T20:05:12.451658,-1.18,-19.06,-110.04,523.67,35,27.04,4.22,62,Good,True,0.14285714285714285,"[""Temperature"", ""Moisture"", ""pH""]"
2025-12-02T20:05:21.727076,57.88,9.91,135.21,528.69,34.46,39.66,4.0,78,Excellent,True,0.06385714285714286,"[""Temperature"", ""Moisture"", ""pH""]"
2025-12-02T20:06:14.576383,0.63,-18.84,-100.56,493.49,35,27.44,4.2,66,Good,True,0.14285714285714285,"[""Temperature"", ""Moisture"", ""pH""]"
2025-12-02T20:06:23.815656,56.91,10.0,136.66,498.56,34.83,35.76,4.0,78,Excellent,True,0.06039285714285713,"[""Temperature"", ""Moisture"", ""pH""]"
2025-12-02T20:07:16.657139,0.13,-18.7,-100.52,452.57,34.27,20,4.34,48,Fair,True,0.14285714285714285,"[""Temperature"", ""Moisture"", ""pH""]"
2025-12-02T20:07:25.892240,56.87,10.23,145.37,540.88,33.12,37.87,4.23,75,Excellent,True,0.06024999999999999,"[""Temperature"", ""Moisture"", ""pH""]"
2025-12-02T20:08:18.757016,-0.64,-18.9,-106.12,489.06,34.5,20,4.0,55,Fair,True,0.14285714285714285,"[""Temperature"", ""Moisture"", ""pH""]"
2025-12-02T20:08:27.989124,55.76,9.37,147.41,569.09,34.64,33.68,4.23,61,Good,True,0.05628571428571428,"[""Temperature"", ""Moisture"", ""pH""]"
2025-12-02T20:09:20.852901,-1.86,-18.63,-102.05,475.66,34.99,20,4.0,52,Fair,True,0.14285714285714285,"[""Temperature"", ""Moisture"", ""pH""]"
2025-12-02T20:09:30.095168,56.48,26.54,150.23,579.56,33.42,37.76,4.11,66,Good,True,0.058857142857142844,"[""Temperature"", ""Moisture"", ""pH""]"
2025-12-02T20:10:22.966660,-0.92,-18.34,-104.34,468.07,35,20,4.0,50,Fair,True,0.14285714285714285,"[""Temperature"", ""Moisture"", ""pH""]"
2025-12-02T20:10:32.247372,29.61,27.05,143.61,611.04,32.6,34.58,4.35,68,Good,True,0.01857142857142858,"[""CO2"", ""Temperature"", ""Moisture"", ""pH""]"
2025-12-02T20:11:25.075111,-0.33,-19.19,-100.45,432.77,33.31,20,4.1,45,Fair,True,0.14285714285714285,"[""Temperature"", ""Moisture"", ""pH""]"
2025-12-02T20:11:34.362934,28.57,27.06,149.06,583.08,34.06,20,4.46,41,Poor,True,0.047619047619047616,"[""Temperature"", ""Moisture"", ""pH""]"
2025-12-02T20:12:27.183967,-1.55,-37.84,-93.57,480.95,34.07,20,4.0,54,Fair,True,0.14285714285714285,"[""Temperature"", ""Moisture"", ""pH""]"
2025-12-02T20:12:36.496760,27.23,26.64,147.31,574.36,33.57,20,4.58,43,Poor,True,0.047619047619047616,"[""Temperature"", ""Moisture"", ""pH""]"
2025-12-02T20:13:29.321798,-0.2,-37.36,-101.84,487.4,33.77,20,4.0,56,Fair,True,0.14285714285714285,"[""Temperature"", ""Moisture"", ""pH""]"
2025-12-02T20:13:38.620263,26.5,26.33,150.57,527.21,34.81,22.4,4.69,55,Fair,True,0.036190476190476197,"[""Temperature"", ""Moisture"", ""pH""]"
2025-12-02T20:14:31.414547,1.13,-36.95,-94.9,504.0,32.8,20,4.0,59,Fair,True,0.14285714285714285,"[""Temperature"", ""Moisture"", ""pH""]"
2025-12-02T20:14:40.771111,27.13,25.57,155.23,489.84,33.44,25.96,4.41,65,Good,True,0.01923809523809523,"[""Temperature"", ""Moisture"", ""pH""]"
2025-12-02T20:15:33.583751,2.42,-37.16,-100.76,511.49,33.58,24.65,4.13,63,Good,True,0.14285714285714285,"[""Temperature"", ""Moisture"", ""pH""]"
2025-12-02T20:15:42.901040,28.43,24.91,159.03,498.13,32.16,24.87,4.4,67,Good,True,0.02442857142857142,"[""Temperature"", ""Moisture"", ""pH""]"
2025-12-02T20:16:35.680424,3.34,-36.43,-101.34,545.61,35,20.94,4.0,48,Fair,True,0.14285714285714285,"[""Temperature"", ""Moisture"", ""pH""]"
2025-12-02T20:16:45.012645,30.09,25.3,160.82,516.03,33.57,26.88,4.56,65,Good,True,0.017,"[""Temperature"", ""Moisture"", ""pH""]"
2025-12-02T20:17:37.784567,1.5,-36.13,-96.59,578.64,35,25.67,4.0,48,Fair,True,0.14285714285714285,"[""Temperature"", ""Moisture"", ""pH""]"
2025-12-02T20:17:47.105193,31.38,25.06,157.93,565.6,34.6,22.13,4.29,47,Fair,True,0.03747619047619048,"[""Temperature"", ""Moisture"", ""pH""]"
2025-12-02T20:18:39.875649,-0.15,-35.14,-69.72,604.98,34.28,23.26,4.24,57,Fair,True,0.14285714285714285,"[""CO2"", ""Temperature"", ""Moisture"", ""pH""]"
2025-12-02T20:18:49.218491,31.86,25.55,150.1,539.36,32.89,20,4.41,52,Fair,True,0.047619047619047616,"[""Temperature"", ""Moisture"", ""pH""]"
2025-12-02T20:19:41.978418,-0.36,-35.93,-66.69,597.33,34.1,22.03,4.34,40,Poor,True,0.14285714285714285,"[""Temperature"", ""Moisture"", ""pH""]"
2025-12-02T20:19:51.340080,30.07,25.57,155.67,498.84,31.01,24.78,4.47,69,Good,True,0.024857142857142852,"[""Temperature"", ""Moisture"", ""pH""]"
2025-12-02T20:20:44.097847,-0.35,-36.41,-68.1,592.8,32.48,24.06,4.54,46,Fair,True,0.14285714285714285,"[""Temperature"", ""Moisture"", ""pH""]"
2025-12-02T20:20:53.452757,31.71,25.3,160.44,469.95,31.91,20,4.4,55,Fair,True,0.047619047619047616,"[""Temperature"", ""Moisture"", ""pH""]"
2025-12-02T20:21:46.165732,-2.27,-36.86,-62.99,577.16,31.03,26.62,4.55,55,Fair,True,0.14285714285714285,"[""Temperature"", ""Moisture"", ""pH""]"
2025-12-02T20:21:55.509651,30.07,25.52,152.02,475.56,35,21.11,4.18,53,Fair,True,0.042333333333333334,"[""Temperature"", ""Moisture"", ""pH""]"
2025-12-02T20:22:48.259503,-0.47,-37.67,-57.98,627.09,29.86,23.72,4.39,47,Fair,True,0.14285714285714285,"[""CO2"", ""Temperature"", ""Moisture"", ""pH""]"
2025-12-02T20:22:57.582417,50.68,25.27,128.84,431.47,33.77,22.12,4.0,46,Fair,True,0.038142857142857145,"[""Temperature"", ""Moisture"", ""pH""]"
2025-12-02T20:23:50.378881,0.24,-37.18,-58.42,667.76,30.6,20,4.54,41,Poor,True,0.14285714285714285,"[""CO2"", ""Temperature"", ""Moisture"", ""pH""]"
2025-12-02T20:23:59.716005,51.46,24.72,136.0,453.92,35,20,4.0,47,Fair,True,0.047619047619047616,"[""Temperature"", ""Moisture"", ""pH""]"
2025-12-02T20:24:52.482026,1.11,-37.51,-61.94,651.73,31.39,20,4.53,40,Poor,True,0.14285714285714285,"[""CO2"", ""Temperature"", ""Moisture"", ""pH""]"
2025-12-02T20:25:01.820749,50.06,25.64,138.03,436.6,35,22.2,4.0,46,Fair,True,0.037142857142857144,"[""Temperature"", ""Moisture"", ""pH""]"
2025-12-02T20:25:54.598412,1.21,-37.6,-64.6,613.66,32.65,20,4.48,46,Fair,True,0.14285714285714285,"[""CO2"", ""Temperature"", ""Moisture"", ""pH""]"
2025-12-02T20:26:03.964847,51.91,25.34,137.32,430.52,35,20,4.0,42,Poor,True,0.047619047619047616,"[""Temperature"", ""Moisture"", ""pH""]"
2025-12-02T20:26:56.695468,1.45,-36.61,-62.73,650.68,32.89,20,4.29,38,Poor,True,0.14285714285714285,"[""CO2"", ""Temperature"", ""Moisture"", ""pH""]"
2025-12-02T20:27:06.081652,52.92,24.68,133.74,398.56,34.09,22.19,4.0,59,Fair,True,0.04614285714285715,"[""CO2"", ""Temperature"", ""Moisture"", ""pH""]"
2025-12-02T20:27:58.767147,0.38,-37.55,-55.72,681.69,34.72,22.45,4.38,39,Poor,True,0.14285714285714285,"[""CO2"", ""Temperature"", ""Moisture"", ""pH""]"
2025-12-02T20:28:08.226945,54.29,25.36,142.24,360.28,35,26.66,4.14,45,Fair,True,0.05103571428571428,"[""CO2"", ""Temperature"", ""Moisture"", ""pH""]"
2025-12-02T20:29:00.875448,1.11,-38.05,-64.98,706.15,33.47,20,4.49,38,Poor,True,0.14285714285714285,"[""CO2"", ""Temperature"", ""Moisture"", ""pH""]"
2025-12-02T20:29:10.341507,55.19,24.97,148.52,374.96,34.36,29.18,4.19,49,Fair,True,0.054249999999999986,"[""CO2"", ""Temperature"", ""Moisture"", ""pH""]"
2025-12-02T20:30:02.999192,-0.72,-37.69,-59.11,723.41,33.34,20,4.33,38,Poor,True,0.14285714285714285,"[""CO2"", ""Temperature"", ""Moisture"", ""pH""]"
2025-12-02T20:30:12.445353,56.61,24.11,152.45,382.95,35,31.5,4.0,54,Fair,True,0.059321428571428574,"[""CO2"", ""Temperature"", ""Moisture"", ""pH""]"
2025-12-02T20:31:05.091558,-1.15,-38.38,-56.04,756.48,34.11,20,4.17,37,Poor,True,0.14285714285714285,"[""CO2"", ""Temperature"", ""Moisture"", ""pH""]"
2025-12-02T20:31:14.598979,58.53,30.7,157.84,366.66,35,31.18,4.0,50,Fair,True,0.06617857142857143,"[""CO2"", ""Temperature"", ""Moisture"", ""pH""]"
2025-12-02T20:32:07.191490,0.23,-37.71,-46.95,711.88,32.46,20.48,4.42,40,Poor,True,0.14285714285714285,"[""CO2"", ""Temperature"", ""Moisture"", ""pH""]"
2025-12-02T20:32:16.696776,57.76,30.29,149.63,363.66,35,34.13,4.0,54,Fair,True,0.06342857142857142,"[""CO2"", ""Temperature"", ""Moisture"", ""pH""]"
2025-12-02T20:33:09.299741,0.66,-38.14,-44.16,733.25,33.18,21.27,4.65,40,Poor,True,0.14285714285714285,"[""CO2"", ""Temperature"", ""Moisture"", ""pH""]"
2025-12-02T20:33:18.808469,57.36,2.93,151.95,362.04,33.97,20,4.0,37,Poor,True,0.062,"[""CO2"", ""Temperature"", ""Moisture"", ""pH""]"
2025-12-02T20:34:11.396264,-1.27,-38.72,-48.27,695.08,32.46,25.36,4.84,47,Fair,True,0.14285714285714285,"[""CO2"", ""Temperature"", ""Moisture"", ""pH""]"
2025-12-02T20:34:20.923978,55.53,2.35,151.06,392.81,35,20,4.02,49,Fair,True,0.07571428571428572,"[""CO2"", ""Temperature"", ""Moisture"", ""pH""]"
2025-12-02T20:35:13.485130,-2.66,-38.24,-43.67,680.66,32.39,27.24,4.64,49,Fair,True,0.14285714285714285,"[""CO2"", ""Temperature"", ""Moisture"", ""pH""]"
2025-12-02T20:35:23.009906,38.46,1.41,147.36,370.59,35,20,4.11,35,Poor,True,0.10257142857142856,"[""CO2"", ""Temperature"", ""Moisture"", ""pH""]"
2025-12-02T20:36:15.575896,-1.01,-38.1,-36.28,634.1,31.8,28.07,4.83,51,Fair,True,0.14285714285714285,"[""CO2"", ""Temperature"", ""Moisture"", ""pH""]"
2025-12-02T20:36:25.080516,37.85,1.14,141.48,420.07,35,24.84,4.31,47,Fair,True,0.11028571428571429,"[""Temperature"", ""Moisture"", ""pH""]"
2025-12-02T20:37:17.656207,-0.25,-37.58,-44.18,597.46,31.88,31.73,4.83,57,Fair,True,0.14285714285714285,"[""Temperature"", ""Moisture"", ""pH""]"
2025-12-02T20:37:27.175025,38.74,0.99,143.23,432.79,35,29.3,4.44,56,Fair,True,0.11457142857142856,"[""Temperature"", ""Moisture"", ""pH""]"
2025-12-02T20:38:19.779751,-1.96,-36.7,-43.24,629.01,30.87,34.03,4.55,60,Good,True,0.14285714285714285,"[""CO2"", ""Temperature"", ""Moisture"", ""pH""]"
2025-12-02T20:38:29.342499,37.86,1.36,143.75,386.05,33.8,24.82,4.23,50,Fair,True,0.104,"[""CO2"", ""Temperature"", ""Moisture"", ""pH""]"
2025-12-02T20:39:21.876445,-0.51,-41.92,-38.54,609.78,31.97,35.79,4.4,72,Good,True,0.14285714285714285,"[""CO2"", ""Temperature"", ""Moisture"", ""pH""]"
2025-12-02T20:39:31.456478,39.36,1.06,144.45,431.85,35,24.79,4.44,49,Fair,True,0.11257142857142857,"[""Temperature"", ""Moisture"", ""pH""]"
2025-12-02T20:40:23.970716,-0.73,-42.47,-38.62,615.28,30.91,38.06,4.11,70,Good,True,0.14285714285714285,"[""CO2"", ""Temperature"", ""Moisture"", ""pH""]"
2025-12-02T20:40:33.603545,41.12,0.39,144.76,442.23,34.19,28.79,4.35,58,Fair,True,0.13171428571428573,"[""Temperature"", ""Moisture"", ""pH""]"
2025-12-02T20:41:26.030837,-1.87,-43.14,-30.17,610.21,31.8,38.01,4.33,75,Excellent,True,0.14285714285714285,"[""CO2"", ""Temperature"", ""Moisture"", ""pH""]"
2025-12-02T20:41:35.666808,39.31,-0.47,151.81,468.28,34.48,29.75,4.62,65,Good,True,0.14285714285714285,"[""Temperature"", ""Moisture"", ""pH""]"
2025-12-02T20:42:28.131715,-0.35,-42.95,-21.64,599.23,30.08,33.84,4.26,61,Good,True,0.14285714285714285,"[""Temperature"", ""Moisture"", ""pH""]"
2025-12-02T20:42:37.747291,38.84,-0.61,159.13,487.86,33.66,33.1,4.71,75,Excellent,True,0.14285714285714285,"[""Temperature"", ""Moisture"", ""pH""]"
2025-12-02T20:43:30.216130,0.52,-42.58,-21.29,613.06,28.26,33.89,4.16,70,Good,True,0.14285714285714285,"[""CO2"", ""Temperature"", ""Moisture"", ""pH""]"
2025-12-02T20:43:39.864555,37.17,-1.1,158.17,513.99,34.33,35.66,4.56,77,Excellent,True,0.14285714285714285,"[""Temperature"", ""Moisture"", ""pH""]"
2025-12-02T20:44:32.305396,1.08,-42.7,-13.55,661.37,26.96,30.51,4.26,60,Good,True,0.14285714285714285,"[""CO2"", ""Temperature"", ""Moisture"", ""pH""]"
2025-12-02T20:44:41.929531,36.32,9.67,154.88,503.12,35,31.22,4.41,72,Good,True,0.023809523809523808,"[""Temperature"", ""Moisture"", ""pH""]"
2025-12-02T20:45:34.376832,-0.18,-41.73,-11.96,682.92,28.26,32.71,4.09,61,Good,True,0.14285714285714285,"[""CO2"", ""Temperature"", ""Moisture"", ""pH""]"
2025-12-02T21:24:26.375802,20.33,17.87,147.04,487.19,21.66,59.2,7.15,56,Fair,False,0.0,[]
2025-12-02T21:24:28.224229,22.77,18.58,158.17,546.8,20.18,51.17,7.33,68,Good,False,0.0,[]
2025-12-02T21:25:10.643123,18.78,18.34,154.32,506.45,20.81,54.52,7.32,65,Good,False,0.0,[]
2025-12-02T21:25:30.339451,24.0,19.18,134.47,581.73,18.87,48.07,7.23,59,Fair,False,0.0,[]
2025-12-02T21:26:12.867748,17.72,18.84,145.77,464.78,20.79,58.4,7.08,61,Good,False,0.0,[]
2025-12-02T21:26:32.648954,25.29,19.89,128.79,627.7,17.39,51.14,7.43,39,Poor,False,0.0,"[""CO2""]"
2025-12-02T21:27:15.092998,16.3,19.34,154.08,416.69,20.07,61.48,6.86,72,Good,False,0.0,"[""Moisture""]"
2025-12-02T21:27:34.854850,26.32,20.54,128.78,620.14,17.73,49.99,7.36,47,Fair,False,0.0,"[""CO2""]"
2025-12-02T21:28:17.332029,16.78,19.92,144.6,462.76,19.45,65.02,6.77,70,Good,False,0.0,"[""Moisture""]"
2025-12-02T21:28:37.108595,25.42,21.25,128.68,620.2,18.15,46.06,7.09,53,Fair,False,0.0,"[""CO2""]"
2025-12-02T21:29:19.571918,18.07,19.71,153.83,448.81,20.56,68.31,7.03,73,Good,False,0.0,"[""Moisture""]"
2025-12-02T21:29:39.306934,25.58,20.37,134.27,632.8,19.51,41.42,7.28,37,Poor,False,0.0,"[""CO2""]"
2025-12-02T21:30:21.788943,18.14,18.94,155.33,407.18,21.91,70.85,6.96,53,Fair,True,0.0017346938775510087,"[""Moisture""]"
2025-12-02T21:30:41.494812,23.92,20.51,125.81,665.23,17.8,44.48,7.15,44,Poor,False,0.0,"[""CO2""]"
2025-12-02T21:31:24.011113,17.39,18.28,159.32,421.32,23.43,68.62,6.8,43,Poor,False,0.0,"[""Moisture""]"
2025-12-02T21:31:43.765948,24.9,20.98,126.16,654.96,19.53,42.07,7.07,50,Fair,False,0.0,"[""CO2""]"
2025-12-02T21:32:26.263273,15.7,18.16,164.69,454.45,24.78,66.87,6.75,44,Poor,False,0.0,"[""Moisture""]"
2025-12-02T21:32:46.016032,26.83,21.89,119.78,642.23,21.39,46.41,7.06,58,Fair,False,0.0,"[""CO2""]"
2025-12-02T21:33:28.515842,15.79,17.67,163.41,407.65,26.23,71.1,6.47,63,Good,True,0.002244897959183662,"[""Temperature"", ""Moisture"", ""pH""]"
2025-12-02T21:33:48.183019,26.87,22.03,112.7,675.83,21.29,47.26,9.0,62,Good,True,0.017857142857142856,"[""CO2"", ""pH""]"
2025-12-02T21:34:30.730761,17.65,35.75,159.0,435.15,26.45,73.44,6.75,52,Fair,True,0.007020408163265302,"[""Temperature"", ""Moisture""]"
2025-12-02T21:34:50.524646,25.61,21.48,111.84,644.96,21.31,42.9,4.0,49,Fair,True,0.028571428571428574,"[""CO2"", ""pH""]"
2025-12-02T21:35:32.946084,18.4,35.36,153.79,462.11,24.51,77.2,6.64,27,Critical,True,0.014693877551020414,"[""Moisture""]"
2025-12-02T21:35:52.683523,27.56,20.76,112.28,611.19,8.86,43.6,4.06,59,Fair,True,0.026857142857142868,"[""CO2"", ""Temperature"", ""pH""]"
2025-12-02T21:36:35.166636,20.22,36.07,144.11,438.95,24.38,80,6.63,18,Critical,True,0.02040816326530612,"[""Moisture""]"
2025-12-02T21:36:54.973797,26.77,21.74,120.63,626.33,10.11,39.38,4.31,68,Good,True,0.019714285714285722,"[""CO2"", ""Temperature"", ""Moisture"", ""pH""]"
2025-12-02T21:37:37.444933,19.57,35.45,144.35,452.02,23.55,80,6.4,45,Fair,True,0.02040816326530612,"[""Moisture"", ""pH""]"
2025-12-02T21:37:57.273677,27.19,20.82,122.08,659.42,11.5,40.56,4.23,45,Fair,True,0.02199999999999999,"[""CO2"", ""Temperature"", ""pH""]"
2025-12-02T21:38:39.662934,21.09,36.26,142.72,413.04,24.38,80,6.45,32,Poor,True,0.02040816326530612,"[""Moisture"", ""pH""]"
2025-12-02T21:38:59.493203,26.61,20.84,121.4,627.9,11.08,38.76,4.3,68,Good,True,0.020000000000000007,"[""CO2"", ""Temperature"", ""Moisture"", ""pH""]"
2025-12-02T21:39:41.808780,21.75,36.95,140.29,439.79,25.59,80,6.64,39,Poor,True,0.02040816326530612,"[""Temperature"", ""Moisture""]"
2025-12-02T21:40:01.633771,28.28,21.55,130.82,614.9,11.49,35.08,4.28,69,Good,True,0.020571428571428567,"[""CO2"", ""Temperature"", ""Moisture"", ""pH""]"
2025-12-02T21:40:43.961033,23.5,36.94,134.69,429.57,25.89,80,6.87,49,Fair,True,0.02040816326530612,"[""Temperature"", ""Moisture""]"
2025-12-02T21:41:03.788282,29.92,22.48,132.97,620.59,11.82,34.08,4.12,63,Good,True,0.02514285714285714,"[""CO2"", ""Temperature"", ""Moisture"", ""pH""]"
2025-12-02T21:41:46.147118,25.01,37.75,130.09,478.91,23.91,79.48,6.82,40,Poor,True,0.019346938775510213,"[""Moisture""]"
2025-12-02T21:42:05.906533,30.45,21.95,123.39,584.08,11.08,30.0,4.23,60,Good,True,0.02199999999999999,"[""Temperature"", ""Moisture"", ""pH""]"
2025-12-02T21:42:48.320841,26.3,37.11,125.71,491.37,23.28,80,6.96,52,Fair,True,0.02040816326530612,"[""Moisture""]"
2025-12-02T21:43:08.105716,32.07,22.7,120.7,566.5,10.45,25.85,4.22,57,Fair,True,0.022285714285714294,"[""Temperature"", ""Moisture"", ""pH""]"
2025-12-02T21:43:50.518694,26.93,36.11,120.9,525.73,25.11,76.94,7.01,70,Good,True,0.014163265306122445,"[""Temperature"", ""Moisture""]"
2025-12-02T21:44:10.317426,32.48,23.11,94.76,582.92,11.89,23.25,4.89,53,Fair,True,0.03214285714285715,"[""Temperature"", ""Moisture"", ""pH""]"
2025-12-02T21:44:52.666421,26.43,17.43,129.73,529.51,26.16,74.13,6.98,72,Good,True,0.008428571428571419,"[""Temperature"", ""Moisture""]"
2025-12-02T21:45:12.467400,31.74,22.87,99.62,595.14,10.39,22.19,4.62,47,Fair,True,0.037190476190476184,"[""Temperature"", ""Moisture"", ""pH""]"
2025-12-02T21:45:54.831873,25.34,16.88,155.32,577.71,25.21,72.04,4.0,63,Good,True,0.028571428571428574,"[""Temperature"", ""Moisture"", ""pH""]"
2025-12-02T21:46:14.602328,30.15,23.26,96.0,579.51,10.38,25.59,9.0,55,Fair,True,0.020999999999999998,"[""Temperature"", ""Moisture"", ""pH""]"
2025-12-02T21:46:56.994761,27.19,16.65,157.18,601.66,24.2,74.42,4.21,55,Fair,True,0.022571428571428572,"[""CO2"", ""Moisture"", ""pH""]"
2025-12-02T21:47:16.746179,29.24,22.82,103.49,601.47,11.68,26.76,8.86,74,Good,True,0.01542857142857142,"[""CO2"", ""Temperature"", ""Moisture"", ""pH""]"
2025-12-02T21:47:59.212224,25.97,17.03,164.56,581.43,24.57,70.06,4.0,43,Poor,True,0.028571428571428574,"[""Moisture"", ""pH""]"
2025-12-02T21:48:18.959441,28.87,23.6,105.2,601.65,10.25,26.19,8.89,71,Good,True,0.018142857142857134,"[""CO2"", ""Temperature"", ""Moisture"", ""pH""]"
2025-12-02T21:49:01.448895,24.51,16.4,155.5,573.92,25.26,70.34,4.22,66,Good,True,0.022285714285714294,"[""Temperature"", ""Moisture"", ""pH""]"
2025-12-02T21:49:21.170232,29.42,23.48,106.07,615.91,10.68,23.83,8.89,53,Fair,True,0.02938095238095239,"[""CO2"", ""Temperature"", ""Moisture"", ""pH""]"
2025-12-02T21:50:03.639182,22.68,16.22,164.6,604.05,24.89,71.39,4.47,53,Fair,True,0.01514285714285715,"[""CO2"", ""Moisture"", ""pH""]"
2025-12-02T21:50:23.484099,30.49,23.9,102.99,658.92,12.46,23.65,9.0,51,Fair,True,0.030238095238095248,"[""CO2"", ""Temperature"", ""Moisture"", ""pH""]"
2025-12-02T21:51:05.853290,23.53,1.55,168.36,570.75,24.31,69.12,4.56,48,Fair,True,0.09857142857142857,"[""Moisture"", ""pH""]"
2025-12-02T21:51:25.715270,28.86,24.88,96.85,698.23,12.98,27.89,8.88,57,Fair,True,0.01571428571428573,"[""CO2"", ""Temperature"", ""Moisture"", ""pH""]"
2025-12-02T21:52:08.075065,23.88,1.47,160.84,586.17,24.58,70.98,4.55,41,Poor,True,0.10085714285714287,"[""Moisture"", ""pH""]"
2025-12-02T21:52:27.951007,29.54,25.3,106.6,679.4,14.47,29.82,9.0,61,Good,True,0.017857142857142856,"[""CO2"", ""Temperature"", ""Moisture"", ""pH""]"
2025-12-02T21:53:10.238611,23.83,2.03,159.55,625.75,25.61,70.96,4.48,60,Good,True,0.08485714285714287,"[""CO2"", ""Temperature"", ""Moisture"", ""pH""]"
2025-12-02T21:53:30.110327,30.37,26.25,107.77,637.33,15.33,28.14,8.9,37,Poor,True,0.016071428571428577,"[""CO2"", ""Moisture"", ""pH""]"
2025-12-02T21:54:12.388722,24.38,1.67,153.1,589.34,26.69,75.01,4.77,56,Fair,True,0.09514285714285715,"[""Temperature"", ""Moisture"", ""pH""]"
2025-12-02T21:54:32.270622,29.28,27.13,104.02,655.62,15.42,32.82,8.97,44,Poor,True,0.01732142857142858,"[""CO2"", ""Moisture"", ""pH""]"
2025-12-02T21:55:14.547808,25.61,1.51,149.66,549.1,27.71,73.25,4.83,65,Good,True,0.09971428571428573,"[""Temperature"", ""Moisture"", ""pH""]"
2025-12-02T21:55:34.425829,31.07,26.52,110.89,619.56,16.31,32.6,9.0,48,Fair,True,0.017857142857142856,"[""CO2"", ""Moisture"", ""pH""]"
2025-12-02T21:56:16.696129,-3.29,1.11,158.01,515.28,27.03,54.62,4.67,79,Excellent,True,0.14285714285714285,"[""Temperature"", ""pH""]"
2025-12-02T21:56:36.649930,32.35,26.2,119.11,576.9,17.9,34.11,9.0,63,Good,True,0.017857142857142856,"[""Moisture"", ""pH""]"
2025-12-02T21:57:18.851253,-5.27,0.44,141.07,492.49,25.7,57.65,4.38,73,Good,True,0.14285714285714285,"[""Temperature"", ""pH""]"
2025-12-02T21:57:38.798468,31.51,25.54,123.79,551.52,16.89,34.37,9.0,64,Good,True,0.017857142857142856,"[""Moisture"", ""pH""]"
2025-12-02T21:58:21.020971,-3.9,1.02,136.83,504.59,23.95,56.23,4.55,60,Good,True,0.14285714285714285,"[""pH""]"
2025-12-02T21:58:40.993221,32.21,25.95,133.47,550.55,17.92,31.33,8.78,65,Good,True,0.013928571428571417,"[""Moisture"", ""pH""]"
2025-12-02T21:59:23.208817,-3.05,0.54,128.51,466.16,25.76,52.03,4.71,83,Excellent,True,0.14285714285714285,"[""Temperature"", ""pH""]"
2025-12-02T21:59:43.225330,33.93,-3.61,127.23,530.3,17.83,35.39,8.92,74,Good,True,0.14285714285714285,"[""Moisture"", ""pH""]"
2025-12-02T22:00:25.427553,-3.13,0.88,133.18,503.85,27.04,53.46,4.62,84,Excellent,True,0.14285714285714285,"[""Temperature"", ""pH""]"
2025-12-02T22:00:45.414857,33.84,-4.18,119.75,541.82,16.98,32.91,8.74,65,Good,True,0.14285714285714285,"[""Moisture"", ""pH""]"
2025-12-02T22:01:27.648190,-4.82,1.72,137.04,528.0,25.51,55.95,4.69,74,Good,True,0.14285714285714285,"[""Temperature"", ""pH""]"
2025-12-02T22:01:47.628889,34.96,-5.17,114.67,589.54,18.21,47.12,8.69,62,Good,True,0.14285714285714285,"[""pH""]"
2025-12-02T22:02:29.978306,-5.69,2.44,144.12,534.95,25.4,60.67,4.81,88,Excellent,True,0.14285714285714285,"[""Temperature"", ""Moisture"", ""pH""]"
2025-12-02T22:02:49.933098,36.13,-5.36,106.66,594.34,19.23,44.93,8.6,60,Good,True,0.14285714285714285,"[""pH""]"
2025-12-02T22:03:32.182313,-5.07,2.42,148.46,556.69,26.54,57.77,5.0,62,Good,True,0.14285714285714285,"[""Temperature"", ""pH""]"
2025-12-02T22:03:52.099268,35.61,-4.67,102.07,564.18,19.51,42.55,8.65,62,Good,True,0.14285714285714285,"[""pH""]"
2025-12-02T22:04:34.397806,-4.42,2.6,157.55,596.44,26.82,58.99,4.81,50,Fair,True,0.14285714285714285,"[""Temperature"", ""pH""]"
2025-12-02T22:04:54.294415,34.57,-5.56,100.71,565.75,17.58,42.76,4.0,51,Fair,True,0.14285714285714285,"[""pH""]"
2025-12-02T22:05:36.593602,-4.12,2.38,149.94,601.19,25.46,57.13,4.89,76,Excellent,True,0.14285714285714285,"[""CO2"", ""Temperature"", ""pH""]"
2025-12-02T22:05:56.473816,35.77,-6.53,99.77,549.28,17.44,45.46,4.0,61,Good,True,0.14285714285714285,"[""pH""]"
2025-12-02T22:06:38.791040,-5.98,2.88,146.12,586.87,23.81,58.88,4.79,36,Poor,True,0.14285714285714285,"[""pH""]"
2025-12-02T22:06:58.674967,35.26,-7.07,98.13,515.1,16.73,41.81,4.0,55,Fair,True,0.14285714285714285,"[""pH""]"
2025-12-02T22:07:41.001926,-11.11,3.36,137.63,607.76,23.07,63.77,4.69,69,Good,True,0.14285714285714285,"[""CO2"", ""Moisture"", ""pH""]"
2025-12-02T22:08:00.878053,35.98,-7.89,94.12,534.43,18.69,40.08,4.07,56,Fair,True,0.14285714285714285,"[""pH""]"
2025-12-02T22:08:43.208228,-12.21,3.12,133.07,571.27,24.22,66.44,4.89,53,Fair,True,0.14285714285714285,"[""Moisture"", ""pH""]"
2025-12-02T22:09:03.082057,34.08,-8.03,96.02,520.57,19.44,37.51,4.28,86,Excellent,True,0.14285714285714285,"[""Moisture"", ""pH""]"
2025-12-02T22:09:45.412259,-12.69,4.0,127.13,565.63,25.26,65.36,5.16,76,Excellent,True,0.14285714285714285,"[""Temperature"", ""Moisture"", ""pH""]"
2025-12-02T22:10:05.299110,35.88,-8.4,89.04,553.05,19.85,37.84,4.03,81,Excellent,True,0.14285714285714285,"[""Moisture"", ""pH""]"
2025-12-02T22:10:47.724725,-1.61,4.29,120.14,573.69,23.53,66.5,5.24,56,Fair,True,0.14285714285714285,"[""Moisture"", ""pH""]"
2025-12-02T22:11:07.602318,36.41,-8.71,80.98,549.35,19.74,41.82,4.0,62,Good,True,0.14285714285714285,"[""pH""]"
2025-12-02T22:11:50.005174,-2.22,4.79,116.35,557.79,24.62,69.96,5.43,50,Fair,True,0.14285714285714285,"[""Moisture"", ""pH""]"
2025-12-02T22:12:09.886832,37.34,-9.39,90.97,560.11,19.03,40.5,4.13,53,Fair,True,0.14285714285714285,"[""pH""]"
2025-12-02T22:12:52.312917,-2.99,4.24,108.85,574.61,26.24,69.79,5.42,67,Good,True,0.14285714285714285,"[""Temperature"", ""Moisture"", ""pH""]"
2025-12-02T22:13:12.314619,36.0,-10.08,90.57,523.61,20.49,40.24,4.04,62,Good,True,0.14285714285714285,"[""pH""]"
2025-12-02T22:13:54.750739,-1.66,4.96,106.71,582.01,27.58,68.75,5.53,65,Good,True,0.14285714285714285,"[""Temperature"", ""Moisture"", ""pH""]"
2025-12-02T22:14:14.773289,37.23,-9.95,85.19,508.77,20.29,37.6,4.0,90,Excellent,True,0.14285714285714285,"[""Moisture"", ""pH""]"
2025-12-02T22:14:57.011938,-1.1,4.44,97.8,606.96,26.7,69.19,5.69,76,Excellent,True,0.14285714285714285,"[""CO2"", ""Temperature"", ""Moisture"", ""pH""]"
2025-12-02T22:15:17.057820,36.13,-9.32,87.88,464.37,19.45,36.62,4.25,82,Excellent,True,0.14285714285714285,"[""Moisture"", ""pH""]"
2025-12-02T22:15:59.291953,-0.85,4.68,91.84,653.48,28.23,67.6,8.0,63,Good,True,0.14285714285714285,"[""CO2"", ""Temperature"", ""Moisture"", ""pH""]"
2025-12-02T22:16:19.319736,34.31,-8.57,93.32,478.96,20.62,66.61,4.39,80,Excellent,True,0.14285714285714285,"[""Moisture"", ""pH""]"
2025-12-02T22:17:01.633713,-0.77,4.39,99.34,700.47,26.82,67.73,8.23,64,Good,True,0.14285714285714285,"[""CO2"", ""Temperature"", ""Moisture"", ""pH""]"
2025-12-02T22:17:21.560823,33.82,-7.67,90.58,458.2,19.85,68.62,4.14,75,Excellent,True,0.14285714285714285,"[""Moisture"", ""pH""]"
